iter,minutes,agent_steps,sps,episodes,ep_len_s,draw_rate,hits_per_ep,pool_win,pool_loss,entropy,pg_loss,v_loss,kl,clipfrac,rule_win,rule_loss,rule_dodge,random_win,random_loss,random_dodge,lateral,strafer_win,strafer_loss,strafer_dodge
1,0.109,131072,109370,0,,,,,,4.83,-0.0023,0.0372,0.0059,0.032,0.0,1.0,0.403,1.0,0.0,0.437,0.538,0.0,1.0,0.169
2,0.13,262144,109005,4,3.75,0.0,6.25,,,4.819,-0.0017,0.0485,0.0039,0.023,,,,,,,,,,
3,0.154,393216,88795,31,5.54,0.0,6.71,,,4.803,-0.0017,0.1046,0.0039,0.021,,,,,,,,,,
4,0.17,524288,140638,57,7.62,0.0,7.04,,,4.793,-0.0018,0.1582,0.0043,0.026,,,,,,,,,,
5,0.184,655360,153413,96,9.53,0.01,7.65,,,4.773,-0.0021,0.2225,0.0049,0.034,,,,,,,,,,
6,0.198,786432,150118,104,11.31,0.0,7.58,,,4.762,-0.0018,0.2369,0.0044,0.029,,,,,,,,,,
7,0.213,917504,147994,88,12.99,0.0,7.43,,,4.75,-0.0016,0.2071,0.004,0.025,,,,,,,,,,
8,0.23,1048576,129142,109,13.28,0.0,7.68,,,4.731,-0.0016,0.2364,0.0042,0.026,,,,,,,,,,
9,0.247,1179648,130386,90,13.34,0.0,7.62,,,4.73,-0.0015,0.2093,0.0039,0.023,,,,,,,,,,
10,0.266,1310720,114098,103,12.06,0.0,7.59,,,4.725,-0.0016,0.2361,0.0039,0.027,,,,,,,,,,
11,0.29,1441792,92935,115,10.94,0.0,7.25,0.421,0.579,4.719,-0.0015,0.236,0.0037,0.023,,,,,,,,,,
12,0.312,1572864,98844,102,11.33,0.0,7.57,0.263,0.737,4.72,-0.0018,0.239,0.0049,0.027,,,,,,,,,,
13,0.339,1703936,79459,121,10.74,0.0,7.48,0.481,0.519,4.727,-0.0018,0.2466,0.004,0.028,,,,,,,,,,
14,0.359,1835008,113313,114,10.13,0.0,7.07,0.444,0.556,4.712,-0.0017,0.2259,0.0036,0.024,,,,,,,,,,
15,0.446,1966080,111044,88,10.07,0.0,7.17,0.353,0.647,4.705,-0.0016,0.1922,0.0043,0.025,0.555,0.445,0.392,1.0,0.0,0.721,0.603,0.0,1.0,0.243
16,0.48,2097152,64649,97,9.98,0.01,7.05,0.722,0.222,4.708,-0.0018,0.2102,0.0044,0.029,,,,,,,,,,
17,0.513,2228224,65485,117,10.44,0.0,7.13,0.704,0.296,4.706,-0.0022,0.2366,0.0045,0.035,,,,,,,,,,
18,0.545,2359296,68383,112,10.33,0.0,7.08,0.684,0.316,4.709,-0.0022,0.2016,0.0039,0.035,,,,,,,,,,
19,0.565,2490368,108549,97,10.29,0.0,6.82,0.632,0.368,4.7,-0.0017,0.189,0.004,0.028,,,,,,,,,,
20,0.585,2621440,108607,116,10.32,0.009,6.89,0.778,0.167,4.69,-0.0018,0.2221,0.0045,0.031,,,,,,,,,,
21,0.606,2752512,104672,102,9.51,0.0,6.98,0.882,0.118,4.695,-0.0022,0.207,0.0044,0.031,,,,,,,,,,
22,0.626,2883584,110776,114,10.06,0.0,7.35,0.8,0.2,4.696,-0.0018,0.2241,0.0038,0.03,,,,,,,,,,
23,0.646,3014656,109700,87,9.59,0.0,7.05,0.895,0.105,4.701,-0.002,0.1909,0.0044,0.039,,,,,,,,,,
24,0.666,3145728,108957,93,9.95,0.0,6.98,0.75,0.25,4.694,-0.0021,0.1784,0.0036,0.032,,,,,,,,,,
25,0.685,3276800,114591,87,10.51,0.011,7.02,0.864,0.136,4.688,-0.0024,0.1665,0.0054,0.047,,,,,,,,,,
26,0.705,3407872,111205,80,10.52,0.0,7.05,0.733,0.267,4.677,-0.0021,0.1729,0.0042,0.036,,,,,,,,,,
27,0.725,3538944,105313,87,10.86,0.0,6.95,0.8,0.2,4.667,-0.0024,0.164,0.0053,0.05,,,,,,,,,,
28,0.747,3670016,103405,84,11.63,0.012,6.96,0.857,0.143,4.659,-0.002,0.168,0.0041,0.035,,,,,,,,,,
29,0.779,3801088,67236,86,12.31,0.0,6.78,0.857,0.143,4.64,-0.0028,0.1562,0.0048,0.041,,,,,,,,,,
30,1.046,3932160,64522,79,10.48,0.0,6.91,0.81,0.19,4.631,-0.0026,0.1391,0.0054,0.046,0.95,0.005,0.649,0.995,0.0,0.833,0.706,0.0,1.0,0.369
31,1.071,4063232,88462,56,12.54,0.0,7.12,0.778,0.222,4.614,-0.0025,0.1189,0.0058,0.048,,,,,,,,,,
32,1.106,4194304,61666,59,11.84,0.0,6.97,0.875,0.125,4.582,-0.0025,0.1212,0.0046,0.047,,,,,,,,,,
33,1.139,4325376,67195,53,13.43,0.0,7.21,0.909,0.091,4.567,-0.002,0.1104,0.0047,0.041,,,,,,,,,,
34,1.172,4456448,66433,51,12.92,0.0,7.27,0.789,0.211,4.552,-0.0023,0.1219,0.0042,0.034,,,,,,,,,,
35,1.206,4587520,63468,54,15.52,0.0,6.96,0.938,0.062,4.54,-0.0022,0.1131,0.0047,0.039,,,,,,,,,,
36,1.236,4718592,72984,62,15.66,0.0,7.19,0.875,0.125,4.515,-0.0024,0.1162,0.0052,0.047,,,,,,,,,,
37,1.261,4849664,89082,52,14.43,0.0,6.73,0.737,0.263,4.505,-0.0022,0.1184,0.0042,0.038,,,,,,,,,,
38,1.284,4980736,94538,51,15.67,0.039,7.22,0.857,0.143,4.486,-0.0018,0.1168,0.0051,0.047,,,,,,,,,,
39,1.303,5111808,113895,52,15.43,0.0,7.23,0.727,0.273,4.469,-0.0023,0.1219,0.0049,0.042,,,,,,,,,,
40,1.322,5242880,115943,62,15.98,0.0,7.13,0.944,0.056,4.458,-0.0024,0.1175,0.0045,0.04,,,,,,,,,,
41,1.352,5373952,71505,51,16.9,0.059,7.37,0.938,0.062,4.431,-0.0023,0.1051,0.0045,0.042,,,,,,,,,,
42,1.371,5505024,116951,61,16.5,0.066,6.74,0.625,0.375,4.413,-0.0021,0.1202,0.004,0.039,,,,,,,,,,
43,1.389,5636096,118327,59,18.25,0.068,7.05,0.8,0.2,4.402,-0.0022,0.1432,0.0047,0.04,,,,,,,,,,
44,1.409,5767168,109863,69,17.64,0.072,7.07,0.857,0.143,4.393,-0.002,0.1668,0.0046,0.04,,,,,,,,,,
45,1.643,5898240,118781,92,17.58,0.065,6.99,1.0,0.0,4.365,-0.0021,0.152,0.0047,0.045,0.925,0.07,0.657,0.985,0.0,0.638,0.7,0.005,0.995,0.467
46,1.662,6029312,116611,92,19.37,0.065,7.09,0.889,0.056,4.319,-0.0024,0.1814,0.0049,0.04,,,,,,,,,,
47,1.681,6160384,117525,117,19.01,0.06,7.31,0.893,0.107,4.295,-0.0022,0.2285,0.0047,0.044,,,,,,,,,,
48,1.706,6291456,87356,94,15.83,0.074,6.95,0.958,0.042,4.249,-0.0025,0.2137,0.0044,0.041,,,,,,,,,,
49,1.725,6422528,111935,105,15.52,0.038,7.04,0.923,0.077,4.186,-0.003,0.2341,0.0053,0.054,,,,,,,,,,
50,1.745,6553600,109242,96,14.67,0.042,7.4,0.957,0.043,4.155,-0.0029,0.2743,0.0052,0.047,,,,,,,,,,
51,1.77,6684672,88634,100,12.08,0.02,7.11,1.0,0.0,4.119,-0.0026,0.2789,0.0054,0.052,,,,,,,,,,
52,1.803,6815744,65910,84,12.4,0.036,7.43,0.944,0.056,4.103,-0.0026,0.2398,0.0048,0.047,,,,,,,,,,
53,1.836,6946816,65821,102,12.4,0.02,7.32,0.963,0.037,4.095,-0.0022,0.2314,0.0047,0.047,,,,,,,,,,
54,1.87,7077888,65490,67,12.39,0.015,7.3,0.947,0.053,4.084,-0.0019,0.1745,0.0046,0.04,,,,,,,,,,
55,1.9,7208960,71255,72,12.41,0.0,7.03,0.789,0.211,4.049,-0.0024,0.1744,0.0045,0.042,,,,,,,,,,
56,1.92,7340032,111740,76,12.47,0.0,7.05,0.941,0.059,4.035,-0.0021,0.201,0.0048,0.044,,,,,,,,,,
57,1.939,7471104,117007,77,13.12,0.013,7.22,0.92,0.08,4.017,-0.0024,0.173,0.0043,0.041,,,,,,,,,,
58,1.959,7602176,105537,82,12.67,0.012,7.2,1.0,0.0,3.983,-0.0021,0.1578,0.0044,0.043,,,,,,,,,,
59,1.978,7733248,116464,53,13.69,0.0,7.57,0.667,0.333,3.99,-0.0017,0.1538,0.0043,0.037,,,,,,,,,,
60,2.055,7864320,115865,76,13.28,0.0,7.41,0.846,0.154,3.975,-0.0018,0.1671,0.0041,0.036,0.745,0.24,0.575,1.0,0.0,0.769,0.618,0.03,0.97,0.414
61,2.074,7995392,118461,77,15.62,0.0,7.53,1.0,0.0,3.966,-0.0017,0.1799,0.0045,0.041,,,,,,,,,,
62,2.094,8126464,106126,64,14.66,0.0,7.19,0.889,0.111,3.957,-0.0018,0.1585,0.0048,0.041,,,,,,,,,,
63,2.119,8257536,86216,86,14.08,0.0,7.09,0.939,0.061,3.925,-0.0019,0.172,0.005,0.038,,,,,,,,,,
64,2.153,8388608,65959,67,16.53,0.0,7.64,0.833,0.167,3.926,-0.0016,0.1784,0.0038,0.033,,,,,,,,,,
65,2.186,8519680,66130,77,14.06,0.0,7.53,0.944,0.056,3.908,-0.0013,0.1964,0.0045,0.037,,,,,,,,,,
66,2.206,8650752,107003,76,14.65,0.0,7.5,0.947,0.053,3.924,-0.0018,0.1913,0.0043,0.041,,,,,,,,,,
67,2.226,8781824,109906,86,15.63,0.0,7.29,0.885,0.115,3.912,-0.0016,0.186,0.0044,0.042,,,,,,,,,,
68,2.246,8912896,106653,63,14.13,0.0,7.52,0.8,0.2,3.929,-0.0016,0.1756,0.0044,0.041,,,,,,,,,,
69,2.267,9043968,106550,67,14.27,0.0,7.31,0.905,0.095,3.911,-0.0015,0.1736,0.0046,0.04,,,,,,,,,,
70,2.298,9175040,71300,70,14.84,0.0,7.59,0.909,0.091,3.891,-0.0014,0.172,0.0043,0.035,,,,,,,,,,
71,2.318,9306112,108377,66,13.8,0.015,7.26,0.9,0.1,3.898,-0.0016,0.1768,0.0043,0.045,,,,,,,,,,
72,2.338,9437184,110538,66,15.92,0.015,7.39,0.944,0.056,3.896,-0.0022,0.1554,0.0042,0.045,,,,,,,,,,
73,2.357,9568256,114439,74,15.43,0.0,7.68,0.95,0.05,3.903,-0.0016,0.1644,0.005,0.045,,,,,,,,,,
74,2.376,9699328,112985,46,17.34,0.022,7.87,0.857,0.143,3.913,-0.0015,0.1332,0.0041,0.039,,,,,,,,,,
75,2.471,9830400,108651,51,16.81,0.0,7.75,0.923,0.077,3.909,-0.0016,0.1399,0.0046,0.041,0.965,0.035,0.753,1.0,0.0,0.76,0.705,0.02,0.98,0.419
76,2.499,9961472,78930,65,15.86,0.0,7.55,0.955,0.045,3.935,-0.0017,0.1514,0.0051,0.055,,,,,,,,,,
77,2.519,10092544,109140,58,18.98,0.017,7.72,0.625,0.375,3.963,-0.0019,0.1343,0.0048,0.046,,,,,,,,,,
78,2.538,10223616,113109,46,17.48,0.022,7.24,0.929,0.071,3.969,-0.0018,0.1097,0.0045,0.046,,,,,,,,,,
79,2.558,10354688,108171,42,19.18,0.048,7.33,0.857,0.143,3.987,-0.0015,0.1027,0.0045,0.038,,,,,,,,,,
80,2.579,10485760,105781,36,17.83,0.028,7.53,0.812,0.188,3.994,-0.0018,0.0907,0.0051,0.046,,,,,,,,,,
81,2.599,10616832,108534,50,18.23,0.04,7.26,0.769,0.231,4.012,-0.0013,0.106,0.0053,0.046,,,,,,,,,,
82,2.619,10747904,108104,53,20.74,0.038,7.6,0.6,0.4,4.033,-0.0014,0.1235,0.0052,0.055,,,,,,,,,,
83,2.639,10878976,109863,36,20.49,0.028,7.47,1.0,0.0,4.04,-0.0019,0.0932,0.005,0.05,,,,,,,,,,
84,2.666,11010048,80932,31,21.57,0.065,7.26,0.667,0.167,4.051,-0.0018,0.078,0.0051,0.047,,,,,,,,,,
85,2.685,11141120,116337,46,20.74,0.022,7.17,0.9,0.1,4.031,-0.0016,0.1073,0.0047,0.051,,,,,,,,,,
86,2.704,11272192,116481,33,21.76,0.0,7.48,0.857,0.143,4.051,-0.0017,0.0838,0.0046,0.041,,,,,,,,,,
87,2.725,11403264,104262,38,23.64,0.158,6.84,1.0,0.0,4.056,-0.0017,0.0803,0.0049,0.045,,,,,,,,,,
88,2.758,11534336,66482,51,21.57,0.078,7.04,0.778,0.167,4.061,-0.0018,0.0894,0.005,0.051,,,,,,,,,,
89,2.79,11665408,66619,35,24.01,0.086,6.89,0.75,0.25,4.071,-0.0019,0.0702,0.0044,0.044,,,,,,,,,,
90,3.053,11796480,66814,33,26.07,0.152,6.97,0.9,0.1,4.086,-0.0013,0.0647,0.0053,0.046,0.925,0.07,0.632,0.995,0.0,0.837,0.673,0.015,0.985,0.483
91,3.082,11927552,75882,49,26.8,0.143,6.9,1.0,0.0,4.079,-0.0014,0.0748,0.0044,0.046,,,,,,,,,,
92,3.103,12058624,103299,40,27.57,0.125,7.0,1.0,0.0,4.064,-0.0016,0.0753,0.0054,0.054,,,,,,,,,,
93,3.136,12189696,65210,31,30.65,0.226,6.29,0.8,0.0,4.057,-0.0015,0.0579,0.0044,0.039,,,,,,,,,,
94,3.157,12320768,105139,33,26.93,0.242,6.79,0.769,0.154,4.049,-0.0015,0.0602,0.0047,0.041,,,,,,,,,,
95,3.188,12451840,69430,44,30.51,0.341,6.57,0.8,0.0,4.036,-0.0015,0.0694,0.0049,0.045,,,,,,,,,,
96,3.207,12582912,115754,47,25.3,0.149,6.64,1.0,0.0,4.026,-0.0016,0.0748,0.0048,0.039,,,,,,,,,,
97,3.226,12713984,119225,57,26.57,0.193,6.63,0.842,0.0,4.002,-0.0019,0.0885,0.0054,0.046,,,,,,,,,,
98,3.244,12845056,119206,62,27.48,0.097,6.97,1.0,0.0,4.002,-0.0022,0.1155,0.0051,0.048,,,,,,,,,,
99,3.263,12976128,117536,57,20.59,0.105,6.77,0.917,0.0,3.998,-0.0016,0.0928,0.0045,0.043,,,,,,,,,,
100,3.281,13107200,119016,51,26.43,0.137,6.67,0.818,0.0,3.981,-0.0015,0.108,0.0051,0.043,,,,,,,,,,
101,3.3,13238272,112708,48,23.11,0.146,6.9,0.667,0.222,3.991,-0.0016,0.1044,0.0045,0.037,,,,,,,,,,
102,3.32,13369344,111157,47,21.49,0.085,7.19,0.455,0.545,3.997,-0.0015,0.1029,0.0049,0.045,,,,,,,,,,
103,3.339,13500416,115136,55,22.02,0.109,6.76,0.8,0.2,3.993,-0.0016,0.1101,0.0043,0.038,,,,,,,,,,
104,3.363,13631488,92818,43,22.3,0.07,7.05,0.5,0.3,3.999,-0.0016,0.1079,0.0051,0.048,,,,,,,,,,
105,3.523,13762560,67205,47,25.38,0.106,7.36,1.0,0.0,3.986,-0.0015,0.1091,0.0047,0.039,0.855,0.11,0.634,1.0,0.0,0.733,0.63,0.01,0.99,0.512
106,3.543,13893632,111710,50,22.97,0.12,6.86,0.769,0.231,3.968,-0.0018,0.1049,0.0046,0.039,,,,,,,,,,
107,3.562,14024704,114971,45,23.09,0.133,7.24,0.714,0.286,3.941,-0.0015,0.116,0.0046,0.041,,,,,,,,,,
108,3.588,14155776,84195,50,23.83,0.1,7.54,0.75,0.25,3.926,-0.0013,0.1262,0.0039,0.032,,,,,,,,,,
109,3.609,14286848,101641,44,23.95,0.114,7.11,0.375,0.625,3.912,-0.002,0.1124,0.0043,0.036,,,,,,,,,,
110,3.637,14417920,79359,61,19.54,0.066,7.38,0.467,0.533,3.915,-0.0016,0.1432,0.0041,0.038,,,,,,,,,,
111,3.656,14548992,114843,72,19.64,0.056,7.4,0.833,0.167,3.904,-0.0016,0.1465,0.005,0.04,,,,,,,,,,
112,3.675,14680064,117918,66,22.06,0.091,7.48,0.917,0.083,3.935,-0.0015,0.1325,0.005,0.045,,,,,,,,,,
113,3.693,14811136,118482,44,20.64,0.045,7.32,0.625,0.375,3.951,-0.002,0.1039,0.0052,0.049,,,,,,,,,,
114,3.713,14942208,109433,42,20.14,0.048,7.6,0.429,0.571,3.977,-0.0015,0.1103,0.0051,0.046,,,,,,,,,,
115,3.737,15073280,92991,45,20.27,0.044,7.2,0.818,0.091,3.96,-0.0022,0.1095,0.0049,0.048,,,,,,,,,,
116,3.756,15204352,110087,56,20.05,0.107,7.5,0.941,0.0,3.947,-0.0019,0.1125,0.006,0.059,,,,,,,,,,
117,3.776,15335424,112661,61,21.91,0.098,7.43,0.583,0.25,3.938,-0.0015,0.1232,0.0047,0.045,,,,,,,,,,
118,3.803,15466496,81299,47,22.83,0.043,7.6,0.0,0.0,3.944,-0.0013,0.1154,0.005,0.048,,,,,,,,,,
119,3.822,15597568,114381,54,19.11,0.056,7.07,0.875,0.083,3.977,-0.0019,0.1055,0.0048,0.046,,,,,,,,,,
120,4.061,15728640,117110,49,22.22,0.143,7.04,0.583,0.333,3.981,-0.0018,0.0967,0.0048,0.044,0.865,0.095,0.629,0.875,0.01,0.596,0.622,0.015,0.985,0.549
121,4.084,15859712,97974,43,20.39,0.14,6.81,0.556,0.333,3.98,-0.0018,0.0835,0.0053,0.056,,,,,,,,,,
122,4.102,15990784,118701,47,19.96,0.064,7.45,0.643,0.214,3.976,-0.0016,0.0869,0.0053,0.055,,,,,,,,,,
123,4.121,16121856,118226,40,20.95,0.05,7.25,0.733,0.2,3.942,-0.0018,0.0933,0.0048,0.038,,,,,,,,,,
124,4.14,16252928,115773,55,20.49,0.091,7.09,0.895,0.053,3.94,-0.0016,0.1099,0.0053,0.045,,,,,,,,,,
125,4.158,16384000,117251,66,19.49,0.091,6.98,0.913,0.087,3.933,-0.0017,0.1097,0.0047,0.043,,,,,,,,,,
126,4.18,16515072,102219,54,21.03,0.074,7.19,0.909,0.091,3.925,-0.0016,0.1118,0.0049,0.047,,,,,,,,,,
127,4.2,16646144,108015,51,18.94,0.039,7.16,0.867,0.133,3.919,-0.002,0.1118,0.0047,0.053,,,,,,,,,,
128,4.221,16777216,105983,46,21.72,0.043,7.26,1.0,0.0,3.938,-0.0018,0.1246,0.0052,0.051,,,,,,,,,,
129,4.24,16908288,112250,65,18.21,0.062,6.83,0.92,0.04,3.941,-0.0017,0.1267,0.0046,0.045,,,,,,,,,,
130,4.261,17039360,102227,52,22.22,0.096,7.52,1.0,0.0,3.942,-0.0014,0.1242,0.0047,0.044,,,,,,,,,,
131,4.286,17170432,90575,45,19.6,0.089,7.56,0.857,0.143,3.924,-0.0021,0.1153,0.0044,0.041,,,,,,,,,,
132,4.304,17301504,115628,73,21.07,0.11,7.3,0.583,0.417,3.908,-0.0018,0.142,0.0052,0.054,,,,,,,,,,
133,4.323,17432576,115409,64,21.93,0.125,7.14,0.727,0.273,3.938,-0.0021,0.1173,0.0054,0.046,,,,,,,,,,
134,4.343,17563648,109560,73,18.93,0.082,7.36,0.955,0.045,3.951,-0.0016,0.1479,0.0049,0.04,,,,,,,,,,
135,4.553,17694720,115634,65,18.96,0.092,7.08,0.917,0.083,3.954,-0.0015,0.1237,0.0043,0.047,0.875,0.095,0.634,0.88,0.005,0.716,0.615,0.02,0.98,0.55
136,4.571,17825792,117706,52,18.28,0.077,7.1,0.846,0.154,3.935,-0.0019,0.1201,0.0046,0.046,,,,,,,,,,
137,4.59,17956864,114726,70,16.56,0.043,7.14,1.0,0.0,3.902,-0.0023,0.1363,0.0052,0.053,,,,,,,,,,
138,4.609,18087936,116313,82,16.78,0.098,6.65,1.0,0.0,3.877,-0.0019,0.1401,0.0041,0.039,,,,,,,,,,
139,4.629,18219008,111591,64,14.82,0.062,6.95,0.929,0.071,3.859,-0.0022,0.1468,0.0052,0.051,,,,,,,,,,
140,4.648,18350080,115349,103,14.06,0.019,7.05,0.966,0.034,3.847,-0.0019,0.1538,0.0048,0.042,,,,,,,,,,
141,4.667,18481152,116502,69,18.71,0.116,7.38,0.571,0.429,3.839,-0.002,0.1393,0.0049,0.044,,,,,,,,,,
142,4.685,18612224,119208,65,19.12,0.108,6.72,0.9,0.1,3.817,-0.0021,0.1377,0.0047,0.043,,,,,,,,,,
143,4.703,18743296,118427,82,14.71,0.037,7.17,0.875,0.083,3.781,-0.0015,0.1731,0.0044,0.04,,,,,,,,,,
144,4.722,18874368,117596,112,13.52,0.027,7.02,0.938,0.062,3.777,-0.0022,0.1929,0.0054,0.049,,,,,,,,,,
145,4.74,19005440,118052,93,15.7,0.043,7.23,1.0,0.0,3.772,-0.0019,0.1959,0.0044,0.043,,,,,,,,,,
146,4.759,19136512,119508,91,12.78,0.033,7.18,0.833,0.167,3.73,-0.0018,0.1673,0.0042,0.037,,,,,,,,,,
147,4.777,19267584,118721,96,13.17,0.031,7.21,1.0,0.0,3.686,-0.0021,0.2103,0.005,0.052,,,,,,,,,,
148,4.796,19398656,113358,105,12.86,0.057,7.31,0.85,0.05,3.664,-0.0017,0.1984,0.0042,0.035,,,,,,,,,,
149,4.816,19529728,114316,98,11.34,0.02,7.3,0.941,0.059,3.656,-0.0017,0.2079,0.0048,0.037,,,,,,,,,,
150,4.955,19660800,115017,110,11.69,0.018,7.44,1.0,0.0,3.653,-0.0022,0.2246,0.0044,0.04,0.825,0.17,0.592,1.0,0.0,0.683,0.623,0.02,0.98,0.521
151,4.974,19791872,115038,97,12.09,0.021,7.49,0.962,0.038,3.657,-0.0018,0.1937,0.004,0.029,,,,,,,,,,
152,4.992,19922944,116874,117,11.68,0.034,7.24,0.966,0.034,3.662,-0.0017,0.2257,0.0052,0.044,,,,,,,,,,
153,5.012,20054016,114057,108,11.24,0.028,7.45,0.92,0.08,3.671,-0.002,0.2101,0.0046,0.038,,,,,,,,,,
154,5.03,20185088,117780,93,11.49,0.011,7.6,0.95,0.05,3.672,-0.0017,0.2025,0.0042,0.034,,,,,,,,,,
155,5.049,20316160,113433,99,10.84,0.01,7.48,1.0,0.0,3.663,-0.0015,0.1951,0.0041,0.036,,,,,,,,,,
156,5.069,20447232,112810,99,11.07,0.01,7.4,0.917,0.083,3.623,-0.0014,0.1963,0.0046,0.039,,,,,,,,,,
157,5.088,20578304,112591,113,10.6,0.0,7.56,0.897,0.103,3.598,-0.0018,0.2134,0.0047,0.047,,,,,,,,,,
158,5.107,20709376,116615,102,11.5,0.0,7.62,0.955,0.045,3.597,-0.0019,0.2249,0.0042,0.036,,,,,,,,,,
159,5.126,20840448,116258,132,10.49,0.0,7.3,1.0,0.0,3.575,-0.0018,0.225,0.0044,0.037,,,,,,,,,,
160,5.144,20971520,118110,108,9.27,0.0,7.33,0.96,0.04,3.589,-0.0017,0.1933,0.0044,0.039,,,,,,,,,,
161,5.163,21102592,117710,130,9.97,0.015,7.39,1.0,0.0,3.586,-0.0015,0.2413,0.004,0.037,,,,,,,,,,
162,5.181,21233664,118232,101,10.08,0.0,7.44,1.0,0.0,3.616,-0.0018,0.1821,0.004,0.037,,,,,,,,,,
163,5.2,21364736,117670,103,9.63,0.0,7.41,1.0,0.0,3.58,-0.0015,0.187,0.0039,0.033,,,,,,,,,,
164,5.218,21495808,119079,113,9.59,0.0,7.3,0.931,0.069,3.599,-0.0017,0.2091,0.0045,0.038,,,,,,,,,,
165,5.431,21626880,113302,123,9.21,0.0,7.32,0.933,0.067,3.597,-0.0017,0.2246,0.0044,0.039,0.765,0.23,0.527,0.83,0.0,0.712,0.594,0.005,0.995,0.525
166,5.449,21757952,115288,110,9.38,0.0,7.48,1.0,0.0,3.582,-0.0019,0.2031,0.0042,0.037,,,,,,,,,,
167,5.468,21889024,116763,94,9.99,0.0,7.27,0.905,0.095,3.529,-0.0017,0.2143,0.0045,0.039,,,,,,,,,,
168,5.487,22020096,118078,138,9.69,0.007,7.38,0.958,0.042,3.518,-0.0016,0.2307,0.0042,0.039,,,,,,,,,,
169,5.505,22151168,117524,99,10.19,0.0,7.44,0.842,0.158,3.545,-0.0018,0.2239,0.0042,0.038,,,,,,,,,,
170,5.524,22282240,116769,102,9.67,0.0,7.38,0.889,0.111,3.546,-0.0016,0.246,0.0045,0.04,,,,,,,,,,
171,5.543,22413312,114997,130,9.72,0.0,7.51,0.976,0.024,3.53,-0.0021,0.2601,0.0052,0.049,,,,,,,,,,
172,5.562,22544384,113549,125,9.3,0.0,7.41,0.976,0.024,3.551,-0.002,0.2809,0.0044,0.044,,,,,,,,,,
173,5.582,22675456,113384,101,9.98,0.0,7.46,0.947,0.053,3.545,-0.0016,0.2256,0.0044,0.037,,,,,,,,,,
174,5.601,22806528,113216,115,9.54,0.009,7.52,1.0,0.0,3.544,-0.0019,0.237,0.0044,0.041,,,,,,,,,,
175,5.62,22937600,116300,98,9.29,0.01,7.43,1.0,0.0,3.547,-0.0018,0.2349,0.0046,0.042,,,,,,,,,,
176,5.639,23068672,115041,112,10.0,0.0,7.3,1.0,0.0,3.539,-0.0018,0.2445,0.0047,0.045,,,,,,,,,,
177,5.658,23199744,112855,106,10.41,0.0,7.43,0.952,0.048,3.571,-0.0023,0.2541,0.0053,0.052,,,,,,,,,,
178,5.677,23330816,118355,119,10.09,0.0,7.22,1.0,0.0,3.54,-0.0018,0.2626,0.005,0.042,,,,,,,,,,
179,5.696,23461888,114031,92,9.87,0.0,7.55,0.882,0.118,3.57,-0.002,0.2371,0.0046,0.044,,,,,,,,,,
180,5.862,23592960,118616,89,10.19,0.0,7.48,0.905,0.095,3.566,-0.0019,0.2333,0.0042,0.037,0.945,0.025,0.55,1.0,0.0,0.729,0.632,0.2,0.8,0.625
181,5.88,23724032,117583,85,10.26,0.0,7.32,0.96,0.04,3.562,-0.0019,0.2251,0.0045,0.038,,,,,,,,,,
182,5.9,23855104,114327,87,11.52,0.0,7.64,1.0,0.0,3.554,-0.0019,0.2186,0.0048,0.046,,,,,,,,,,
183,5.918,23986176,117398,101,10.75,0.0,7.41,0.95,0.05,3.568,-0.0018,0.2225,0.0045,0.036,,,,,,,,,,
184,5.938,24117248,112590,95,11.4,0.0,7.74,0.958,0.042,3.575,-0.0017,0.2352,0.0042,0.038,,,,,,,,,,
185,5.957,24248320,114833,84,12.6,0.012,7.81,0.909,0.091,3.579,-0.0018,0.1985,0.0046,0.042,,,,,,,,,,
186,5.975,24379392,118129,92,11.71,0.0,7.51,0.974,0.026,3.592,-0.0019,0.2184,0.0044,0.038,,,,,,,,,,
187,5.994,24510464,116339,100,11.52,0.0,7.37,0.92,0.08,3.589,-0.0018,0.2309,0.0047,0.041,,,,,,,,,,
188,6.013,24641536,116804,82,12.07,0.0,7.76,0.952,0.048,3.582,-0.0022,0.1958,0.0047,0.04,,,,,,,,,,
189,6.031,24772608,116886,78,12.44,0.0,7.69,1.0,0.0,3.573,-0.0023,0.2037,0.0053,0.05,,,,,,,,,,
190,6.05,24903680,115919,88,12.68,0.0,7.73,0.944,0.056,3.565,-0.0018,0.2267,0.0041,0.038,,,,,,,,,,
191,6.069,25034752,113947,94,11.77,0.0,7.41,0.971,0.029,3.599,-0.0022,0.1757,0.0046,0.043,,,,,,,,,,
192,6.088,25165824,116305,78,14.11,0.0,7.85,1.0,0.0,3.588,-0.0023,0.1839,0.0048,0.046,,,,,,,,,,
193,6.107,25296896,119034,67,12.99,0.0,7.91,0.75,0.25,3.582,-0.0021,0.182,0.0044,0.046,,,,,,,,,,
194,6.125,25427968,118814,81,13.14,0.012,7.81,0.957,0.043,3.557,-0.0019,0.2029,0.0046,0.042,,,,,,,,,,
195,6.335,25559040,115053,90,13.55,0.0,7.74,1.0,0.0,3.568,-0.0019,0.2104,0.0051,0.047,0.93,0.035,0.579,1.0,0.0,0.707,0.642,0.15,0.85,0.629
196,6.354,25690112,117413,100,12.31,0.01,7.5,0.953,0.047,3.61,-0.0019,0.1861,0.0047,0.045,,,,,,,,,,
197,6.373,25821184,115062,91,12.17,0.0,7.49,0.96,0.04,3.625,-0.0016,0.1946,0.0043,0.039,,,,,,,,,,
198,6.394,25952256,103877,78,13.42,0.0,7.55,0.875,0.125,3.634,-0.002,0.178,0.005,0.044,,,,,,,,,,
199,6.428,26083328,65209,85,12.55,0.0,7.76,0.889,0.111,3.654,-0.0021,0.1883,0.0047,0.047,,,,,,,,,,
200,6.448,26214400,106428,64,12.19,0.0,7.2,1.0,0.0,3.664,-0.0014,0.1427,0.0039,0.034,,,,,,,,,,
201,6.481,26345472,66029,78,14.1,0.0,7.46,0.952,0.048,3.631,-0.0025,0.164,0.0047,0.045,,,,,,,,,,
202,6.511,26476544,73541,86,13.41,0.0,7.62,0.846,0.154,3.637,-0.0018,0.1785,0.0048,0.046,,,,,,,,,,
203,6.53,26607616,113409,63,13.95,0.0,7.81,0.917,0.083,3.669,-0.0018,0.1504,0.0046,0.037,,,,,,,,,,
204,6.55,26738688,112271,58,15.51,0.0,7.86,1.0,0.0,3.645,-0.0017,0.1492,0.0037,0.032,,,,,,,,,,
205,6.569,26869760,112866,83,12.92,0.0,7.34,0.9,0.1,3.6,-0.0021,0.1619,0.0043,0.043,,,,,,,,,,
206,6.602,27000832,66173,79,15.57,0.0,7.58,1.0,0.0,3.619,-0.0019,0.1844,0.0046,0.042,,,,,,,,,,
207,6.636,27131904,64222,73,14.9,0.0,7.14,0.95,0.05,3.626,-0.0018,0.1581,0.0043,0.041,,,,,,,,,,
208,6.669,27262976,67120,71,15.03,0.0,7.31,0.933,0.067,3.664,-0.0024,0.1368,0.0047,0.05,,,,,,,,,,
209,6.702,27394048,65705,52,14.62,0.0,7.54,0.909,0.091,3.679,-0.0015,0.1209,0.0049,0.047,,,,,,,,,,
210,6.961,27525120,114022,65,16.33,0.015,7.22,0.944,0.056,3.637,-0.0019,0.1399,0.0044,0.041,0.975,0.0,0.628,1.0,0.0,0.92,0.671,0.185,0.815,0.728
211,6.985,27656192,91775,55,15.56,0.0,7.15,1.0,0.0,3.645,-0.0017,0.1151,0.0047,0.045,,,,,,,,,,
212,7.006,27787264,100772,64,16.72,0.016,7.25,0.833,0.167,3.643,-0.002,0.1195,0.0049,0.052,,,,,,,,,,
213,7.025,27918336,115313,72,17.07,0.0,7.42,0.8,0.2,3.628,-0.0017,0.1556,0.0042,0.042,,,,,,,,,,
214,7.045,28049408,112778,65,14.34,0.0,7.35,0.96,0.04,3.634,-0.0021,0.1488,0.0043,0.044,,,,,,,,,,
215,7.064,28180480,113845,85,15.47,0.0,7.25,0.931,0.069,3.645,-0.0022,0.17,0.0051,0.05,,,,,,,,,,
216,7.087,28311552,96453,64,16.44,0.0,7.36,1.0,0.0,3.649,-0.0023,0.1485,0.005,0.046,,,,,,,,,,
217,7.112,28442624,84950,75,15.3,0.0,7.32,0.962,0.038,3.67,-0.002,0.1509,0.0046,0.044,,,,,,,,,,
218,7.146,28573696,65007,64,16.26,0.0,6.92,1.0,0.0,3.634,-0.0026,0.1331,0.0047,0.04,,,,,,,,,,
219,7.178,28704768,68257,80,13.69,0.0,6.78,0.968,0.032,3.609,-0.002,0.1437,0.0051,0.049,,,,,,,,,,
220,7.198,28835840,110243,72,14.36,0.0,6.94,0.952,0.048,3.636,-0.002,0.1504,0.0048,0.049,,,,,,,,,,
221,7.217,28966912,111310,70,15.13,0.014,7.07,0.947,0.053,3.633,-0.0016,0.1515,0.0047,0.047,,,,,,,,,,
222,7.237,29097984,109986,71,14.98,0.0,7.44,0.905,0.095,3.655,-0.0019,0.1572,0.0048,0.047,,,,,,,,,,
223,7.258,29229056,105630,91,14.97,0.0,7.22,1.0,0.0,3.612,-0.0019,0.1871,0.0047,0.04,,,,,,,,,,
224,7.278,29360128,110265,85,14.75,0.0,7.26,0.966,0.034,3.618,-0.0016,0.1938,0.0039,0.038,,,,,,,,,,
225,7.515,29491200,104732,93,13.91,0.0,6.98,0.889,0.111,3.605,-0.0019,0.2018,0.0048,0.043,0.99,0.0,0.768,0.895,0.0,0.919,0.727,0.01,0.99,0.716
226,7.54,29622272,86503,63,14.4,0.0,7.38,1.0,0.0,3.624,-0.0018,0.1789,0.0051,0.043,,,,,,,,,,
227,7.559,29753344,115537,99,12.98,0.01,6.85,1.0,0.0,3.62,-0.0018,0.1963,0.0044,0.041,,,,,,,,,,
228,7.582,29884416,96880,85,13.77,0.0,7.25,1.0,0.0,3.636,-0.0019,0.1968,0.0042,0.039,,,,,,,,,,
229,7.6,30015488,119769,79,13.97,0.0,7.09,0.909,0.091,3.691,-0.002,0.1693,0.0045,0.041,,,,,,,,,,
230,7.618,30146560,118366,76,14.96,0.013,6.96,1.0,0.0,3.654,-0.002,0.1767,0.0046,0.042,,,,,,,,,,
231,7.638,30277632,110974,96,13.39,0.021,6.9,0.9,0.1,3.657,-0.0017,0.175,0.0043,0.043,,,,,,,,,,
232,7.657,30408704,117679,82,14.17,0.0,7.24,0.9,0.1,3.672,-0.0017,0.1729,0.0046,0.043,,,,,,,,,,
233,7.677,30539776,108449,83,12.28,0.0,6.95,0.923,0.077,3.649,-0.0017,0.176,0.0045,0.038,,,,,,,,,,
234,7.709,30670848,67314,93,12.43,0.0,7.13,0.909,0.091,3.627,-0.0018,0.1812,0.0046,0.034,,,,,,,,,,
235,7.742,30801920,67609,84,13.34,0.0,7.21,1.0,0.0,3.618,-0.0023,0.183,0.0043,0.041,,,,,,,,,,
236,7.766,30932992,88394,104,12.22,0.0,7.08,1.0,0.0,3.619,-0.0018,0.1953,0.0045,0.039,,,,,,,,,,
237,7.785,31064064,116510,126,10.41,0.0,6.56,0.984,0.016,3.621,-0.0019,0.1663,0.0042,0.035,,,,,,,,,,
238,7.803,31195136,119575,99,10.8,0.0,6.77,1.0,0.0,3.625,-0.0022,0.1777,0.0047,0.043,,,,,,,,,,
239,7.822,31326208,120070,106,9.26,0.0,6.79,0.789,0.211,3.607,-0.0018,0.1699,0.0045,0.037,,,,,,,,,,
240,8.073,31457280,116216,102,9.47,0.0,7.04,0.905,0.095,3.616,-0.0018,0.1761,0.0045,0.039,0.945,0.02,0.66,0.86,0.0,0.862,0.658,0.015,0.985,0.751
241,8.092,31588352,119371,102,10.05,0.0,6.81,0.962,0.038,3.583,-0.002,0.1924,0.0046,0.038,,,,,,,,,,
242,8.11,31719424,118627,123,10.06,0.0,6.76,0.974,0.026,3.583,-0.0015,0.1809,0.0043,0.037,,,,,,,,,,
243,8.128,31850496,119947,100,9.42,0.0,6.82,0.962,0.038,3.611,-0.0021,0.1756,0.0046,0.041,,,,,,,,,,
244,8.147,31981568,118598,110,9.47,0.0,6.79,1.0,0.0,3.56,-0.0021,0.1849,0.0044,0.035,,,,,,,,,,
245,8.165,32112640,117863,113,9.79,0.009,6.77,0.958,0.042,3.505,-0.0018,0.1867,0.0036,0.032,,,,,,,,,,
246,8.185,32243712,112357,108,10.59,0.0,7.04,1.0,0.0,3.521,-0.0017,0.2124,0.0051,0.041,,,,,,,,,,
247,8.204,32374784,112981,127,9.48,0.0,6.72,0.976,0.024,3.531,-0.0015,0.1874,0.0043,0.039,,,,,,,,,,
248,8.223,32505856,113254,108,10.04,0.009,6.93,1.0,0.0,3.504,-0.0019,0.1836,0.0043,0.037,,,,,,,,,,
249,8.244,32636928,108156,147,9.62,0.014,6.91,0.977,0.023,3.479,-0.002,0.2128,0.0043,0.037,,,,,,,,,,
250,8.264,32768000,108127,125,9.3,0.0,7.06,1.0,0.0,3.484,-0.0018,0.2237,0.0041,0.029,,,,,,,,,,
251,8.286,32899072,98969,128,9.81,0.023,7.05,1.0,0.0,3.474,-0.0024,0.2259,0.0047,0.045,,,,,,,,,,
252,8.306,33030144,109286,133,8.44,0.008,7.22,0.974,0.026,3.455,-0.0019,0.253,0.0048,0.034,,,,,,,,,,
253,8.334,33161216,79280,124,7.9,0.0,7.21,1.0,0.0,3.479,-0.0019,0.2279,0.0039,0.039,,,,,,,,,,
254,8.352,33292288,119756,134,8.32,0.007,6.69,1.0,0.0,3.496,-0.0024,0.1974,0.0048,0.041,,,,,,,,,,
255,8.596,33423360,110408,130,9.06,0.0,6.96,0.97,0.03,3.507,-0.0015,0.2081,0.0044,0.035,0.965,0.015,0.653,0.87,0.01,0.772,0.673,0.005,0.995,0.627
256,8.623,33554432,80764,111,7.74,0.0,7.2,0.957,0.043,3.468,-0.0016,0.2182,0.0043,0.037,,,,,,,,,,
257,8.643,33685504,109207,152,9.35,0.007,7.11,1.0,0.0,3.457,-0.0017,0.2262,0.0045,0.033,,,,,,,,,,
258,8.664,33816576,106482,122,7.94,0.0,6.76,1.0,0.0,3.474,-0.002,0.1914,0.0043,0.038,,,,,,,,,,
259,8.684,33947648,109779,146,7.98,0.007,6.97,1.0,0.0,3.45,-0.0017,0.2365,0.0038,0.035,,,,,,,,,,
260,8.712,34078720,77519,134,8.88,0.007,7.01,0.97,0.03,3.418,-0.0014,0.2459,0.0041,0.035,,,,,,,,,,
261,8.738,34209792,85094,129,7.39,0.0,7.0,0.963,0.037,3.438,-0.0021,0.2077,0.0045,0.039,,,,,,,,,,
262,8.765,34340864,79039,90,7.78,0.011,7.33,0.885,0.077,3.453,-0.0018,0.1818,0.0039,0.035,,,,,,,,,,
263,8.784,34471936,112959,114,8.55,0.018,7.11,0.8,0.2,3.433,-0.0018,0.1918,0.0038,0.029,,,,,,,,,,
264,8.805,34603008,105430,84,10.34,0.012,7.38,1.0,0.0,3.433,-0.0017,0.1864,0.0042,0.035,,,,,,,,,,
265,8.824,34734080,116832,95,8.84,0.0,6.94,0.926,0.074,3.442,-0.0018,0.1502,0.0047,0.037,,,,,,,,,,
266,8.843,34865152,115395,126,9.48,0.0,6.93,1.0,0.0,3.451,-0.002,0.1774,0.0042,0.034,,,,,,,,,,
267,8.864,34996224,103152,84,9.58,0.0,7.19,1.0,0.0,3.451,-0.0018,0.1705,0.0047,0.043,,,,,,,,,,
268,8.897,35127296,67128,111,8.91,0.0,6.94,0.976,0.024,3.441,-0.002,0.1709,0.0043,0.039,,,,,,,,,,
269,8.917,35258368,108025,107,9.38,0.0,6.93,1.0,0.0,3.468,-0.0014,0.1698,0.0043,0.036,,,,,,,,,,
270,9.149,35389440,106727,83,9.81,0.012,7.04,1.0,0.0,3.484,-0.0018,0.1765,0.0039,0.038,0.97,0.02,0.626,0.765,0.0,0.817,0.672,0.005,0.995,0.696
271,9.174,35520512,85981,104,8.89,0.0,6.62,0.979,0.021,3.472,-0.0023,0.1518,0.0043,0.039,,,,,,,,,,
272,9.2,35651584,84113,97,10.21,0.0,7.01,1.0,0.0,3.502,-0.0017,0.1533,0.0042,0.038,,,,,,,,,,
273,9.22,35782656,110899,79,9.78,0.0,7.06,0.97,0.03,3.511,-0.0019,0.1491,0.0043,0.036,,,,,,,,,,
274,9.239,35913728,113125,80,12.73,0.013,7.42,1.0,0.0,3.505,-0.0019,0.164,0.0043,0.042,,,,,,,,,,
275,9.26,36044800,106754,106,11.96,0.009,7.16,0.972,0.028,3.468,-0.0017,0.2098,0.0044,0.035,,,,,,,,,,
276,9.28,36175872,110441,110,13.93,0.009,7.44,1.0,0.0,3.447,-0.0017,0.2385,0.0042,0.033,,,,,,,,,,
277,9.3,36306944,106842,138,10.64,0.014,7.2,0.98,0.02,3.452,-0.002,0.2519,0.0044,0.036,,,,,,,,,,
278,9.32,36438016,107930,121,11.41,0.025,7.16,1.0,0.0,3.449,-0.0018,0.229,0.0037,0.031,,,,,,,,,,
279,9.351,36569088,72186,127,9.02,0.008,7.27,1.0,0.0,3.437,-0.0018,0.2679,0.0042,0.036,,,,,,,,,,
280,9.371,36700160,110190,109,11.14,0.009,7.43,1.0,0.0,3.438,-0.0022,0.2493,0.0046,0.041,,,,,,,,,,
281,9.389,36831232,117865,117,12.39,0.026,7.16,1.0,0.0,3.444,-0.0019,0.2491,0.005,0.041,,,,,,,,,,
282,9.408,36962304,113811,121,10.24,0.017,7.35,1.0,0.0,3.471,-0.0026,0.2596,0.0046,0.043,,,,,,,,,,
283,9.427,37093376,113982,97,10.41,0.0,6.86,1.0,0.0,3.475,-0.0018,0.2177,0.005,0.045,,,,,,,,,,
284,9.448,37224448,107088,108,10.62,0.009,7.04,1.0,0.0,3.505,-0.0016,0.2065,0.0036,0.033,,,,,,,,,,
285,9.776,37355520,82668,78,12.45,0.013,7.38,0.909,0.091,3.524,-0.0023,0.1878,0.005,0.05,0.925,0.025,0.594,0.44,0.0,0.887,0.638,0.0,0.71,0.872
286,9.809,37486592,66749,73,11.27,0.0,7.16,0.939,0.061,3.542,-0.0018,0.1553,0.0047,0.042,,,,,,,,,,
287,9.83,37617664,105514,63,10.95,0.0,6.98,0.92,0.08,3.567,-0.002,0.1477,0.0047,0.038,,,,,,,,,,
288,9.857,37748736,79808,65,11.6,0.0,6.82,1.0,0.0,3.591,-0.0018,0.1251,0.0038,0.031,,,,,,,,,,
289,9.878,37879808,105434,50,14.05,0.02,7.02,1.0,0.0,3.608,-0.0019,0.1194,0.0049,0.05,,,,,,,,,,
290,9.897,38010880,113614,60,13.17,0.0,7.07,0.958,0.042,3.6,-0.0019,0.1314,0.0044,0.038,,,,,,,,,,
291,9.915,38141952,119171,80,13.3,0.0,6.75,1.0,0.0,3.557,-0.0018,0.1244,0.0047,0.045,,,,,,,,,,
292,9.935,38273024,112269,66,13.58,0.03,6.91,1.0,0.0,3.535,-0.0019,0.1333,0.0041,0.033,,,,,,,,,,
293,9.955,38404096,106821,71,14.61,0.014,6.68,1.0,0.0,3.568,-0.0015,0.1242,0.0049,0.049,,,,,,,,,,
294,9.974,38535168,119630,52,13.6,0.0,6.96,1.0,0.0,3.579,-0.002,0.1168,0.0048,0.042,,,,,,,,,,
295,9.993,38666240,114624,59,15.9,0.0,6.88,0.962,0.038,3.549,-0.0017,0.1089,0.0048,0.041,,,,,,,,,,
296,10.011,38797312,119549,59,14.83,0.0,6.53,1.0,0.0,3.584,-0.0023,0.0877,0.0053,0.05,,,,,,,,,,
297,10.03,38928384,115945,49,13.36,0.0,6.49,1.0,0.0,3.554,-0.0017,0.086,0.005,0.05,,,,,,,,,,
298,10.049,39059456,111800,57,16.39,0.0,6.7,1.0,0.0,3.498,-0.0021,0.1104,0.005,0.047,,,,,,,,,,
299,10.07,39190528,105113,54,14.94,0.019,6.31,1.0,0.0,3.461,-0.002,0.0936,0.005,0.039,,,,,,,,,,
300,10.378,39321600,68072,58,18.01,0.017,6.67,1.0,0.0,3.505,-0.002,0.0896,0.0045,0.037,0.965,0.01,0.591,0.48,0.0,0.894,0.641,0.025,0.04,0.932
301,10.398,39452672,108093,55,15.14,0.0,6.33,1.0,0.0,3.499,-0.0017,0.0829,0.0043,0.042,,,,,,,,,,
302,10.419,39583744,105500,63,14.96,0.032,6.32,1.0,0.0,3.474,-0.002,0.0847,0.0047,0.042,,,,,,,,,,
303,10.452,39714816,66037,59,15.8,0.051,6.29,1.0,0.0,3.472,-0.0018,0.0827,0.0046,0.038,,,,,,,,,,
304,10.478,39845888,83751,47,19.28,0.043,7.0,1.0,0.0,3.481,-0.0017,0.1016,0.0039,0.034,,,,,,,,,,
305,10.496,39976960,118910,54,19.33,0.13,6.41,1.0,0.0,3.484,-0.0017,0.0758,0.0046,0.037,,,,,,,,,,
306,10.514,40108032,120490,67,20.22,0.134,6.45,1.0,0.0,3.493,-0.0016,0.0808,0.0045,0.038,,,,,,,,,,
307,10.533,40239104,119842,57,17.3,0.088,6.49,1.0,0.0,3.502,-0.0018,0.0716,0.0047,0.04,,,,,,,,,,
308,10.552,40370176,114143,73,17.0,0.137,6.15,1.0,0.0,3.538,-0.0017,0.0745,0.0041,0.04,,,,,,,,,,
309,10.583,40501248,68986,63,16.99,0.127,5.97,1.0,0.0,3.532,-0.0014,0.074,0.0042,0.036,,,,,,,,,,
310,10.613,40632320,73659,59,15.32,0.119,5.85,1.0,0.0,3.533,-0.0013,0.0674,0.0046,0.042,,,,,,,,,,
311,10.631,40763392,120127,57,16.34,0.105,5.91,1.0,0.0,3.524,-0.0019,0.0628,0.0044,0.04,,,,,,,,,,
312,10.65,40894464,114204,62,20.4,0.194,6.05,1.0,0.0,3.506,-0.0012,0.0716,0.0046,0.041,,,,,,,,,,
313,10.67,41025536,110455,64,17.39,0.125,6.16,1.0,0.0,3.5,-0.0018,0.0813,0.0047,0.041,,,,,,,,,,
314,10.69,41156608,111697,52,24.82,0.192,6.79,1.0,0.0,3.519,-0.0019,0.0764,0.0042,0.037,,,,,,,,,,
315,10.969,41287680,104945,66,17.61,0.106,6.08,1.0,0.0,3.534,-0.0021,0.0693,0.0041,0.036,0.975,0.01,0.663,0.58,0.0,0.898,0.697,0.865,0.045,0.928
316,10.999,41418752,72450,61,22.28,0.213,6.39,0.875,0.125,3.539,-0.0019,0.0752,0.0052,0.049,,,,,,,,,,
317,11.024,41549824,87308,50,23.21,0.16,6.68,1.0,0.0,3.522,-0.0017,0.0676,0.0042,0.04,,,,,,,,,,
318,11.054,41680896,74090,55,18.31,0.055,7.2,1.0,0.0,3.485,-0.0019,0.0952,0.0051,0.046,,,,,,,,,,
319,11.072,41811968,119135,41,28.08,0.146,7.32,0.75,0.25,3.508,-0.0023,0.0727,0.0048,0.047,,,,,,,,,,
320,11.09,41943040,119565,52,17.59,0.077,6.73,0.962,0.038,3.522,-0.002,0.0869,0.0049,0.044,,,,,,,,,,
321,11.109,42074112,115603,67,21.57,0.134,7.13,0.96,0.04,3.509,-0.0018,0.0926,0.0046,0.043,,,,,,,,,,
322,11.129,42205184,108432,57,17.78,0.07,7.12,0.862,0.138,3.534,-0.0018,0.0802,0.0047,0.04,,,,,,,,,,
323,11.149,42336256,108707,45,18.69,0.067,6.71,0.773,0.227,3.537,-0.002,0.0815,0.0047,0.044,,,,,,,,,,
324,11.169,42467328,110197,43,22.54,0.163,6.7,1.0,0.0,3.53,-0.0019,0.0709,0.0039,0.04,,,,,,,,,,
325,11.197,42598400,78983,69,18.03,0.116,6.57,0.973,0.027,3.485,-0.0022,0.0948,0.0048,0.042,,,,,,,,,,
326,11.217,42729472,111558,80,18.48,0.15,6.39,0.977,0.023,3.485,-0.0015,0.0962,0.0043,0.037,,,,,,,,,,
327,11.235,42860544,117127,59,20.71,0.153,6.56,1.0,0.0,3.464,-0.002,0.0787,0.0048,0.043,,,,,,,,,,
328,11.254,42991616,114356,41,22.46,0.171,6.83,1.0,0.0,3.46,-0.0019,0.0703,0.0043,0.035,,,,,,,,,,
329,11.273,43122688,115882,66,15.06,0.076,6.44,0.974,0.026,3.449,-0.0018,0.0805,0.0045,0.037,,,,,,,,,,
330,11.591,43253760,102441,58,18.24,0.172,6.17,0.966,0.034,3.416,-0.0017,0.0846,0.0038,0.029,0.925,0.055,0.583,0.665,0.0,0.918,0.654,0.7,0.06,0.937
331,11.619,43384832,78341,69,15.91,0.072,6.46,1.0,0.0,3.333,-0.0021,0.1174,0.0047,0.04,,,,,,,,,,
332,11.645,43515904,83078,95,15.66,0.053,6.43,1.0,0.0,3.354,-0.002,0.119,0.0043,0.036,,,,,,,,,,
333,11.678,43646976,66469,71,14.5,0.014,6.41,1.0,0.0,3.385,-0.0021,0.0977,0.0045,0.041,,,,,,,,,,
334,11.709,43778048,70379,55,14.33,0.055,6.42,0.966,0.034,3.403,-0.0017,0.0783,0.0042,0.037,,,,,,,,,,
335,11.728,43909120,114304,66,17.36,0.121,6.55,0.871,0.129,3.368,-0.0017,0.1131,0.0044,0.039,,,,,,,,,,
336,11.748,44040192,112257,62,16.01,0.081,6.74,0.935,0.065,3.382,-0.0021,0.0968,0.0045,0.042,,,,,,,,,,
337,11.767,44171264,111412,66,20.6,0.152,6.86,0.964,0.036,3.379,-0.0022,0.1188,0.0045,0.042,,,,,,,,,,
338,11.788,44302336,108326,68,17.57,0.132,6.78,1.0,0.0,3.412,-0.0016,0.0988,0.0037,0.032,,,,,,,,,,
339,11.807,44433408,109757,61,19.85,0.098,7.28,0.947,0.053,3.417,-0.0016,0.102,0.0039,0.032,,,,,,,,,,
340,11.831,44564480,92245,64,20.45,0.109,7.14,1.0,0.0,3.431,-0.0019,0.1118,0.0045,0.048,,,,,,,,,,
341,11.851,44695552,109871,69,13.78,0.072,6.23,1.0,0.0,3.451,-0.0018,0.0892,0.0041,0.038,,,,,,,,,,
342,11.882,44826624,71650,59,17.11,0.119,6.05,1.0,0.0,3.469,-0.0018,0.0695,0.0045,0.04,,,,,,,,,,
343,11.9,44957696,115189,70,16.57,0.071,6.24,1.0,0.0,3.449,-0.0019,0.0882,0.0051,0.048,,,,,,,,,,
344,11.919,45088768,115703,62,12.4,0.048,6.26,0.974,0.026,3.443,-0.0021,0.0903,0.0046,0.045,,,,,,,,,,
345,12.219,45219840,104498,41,19.02,0.098,7.0,1.0,0.0,3.49,-0.0018,0.0672,0.0042,0.041,0.96,0.02,0.619,0.74,0.0,0.879,0.665,0.725,0.045,0.949
346,12.239,45350912,108898,58,18.6,0.103,6.53,0.955,0.045,3.424,-0.0021,0.0835,0.0044,0.042,,,,,,,,,,
347,12.266,45481984,82146,67,17.18,0.119,6.54,0.895,0.105,3.406,-0.0025,0.0838,0.0047,0.047,,,,,,,,,,
348,12.286,45613056,106150,69,18.51,0.13,6.57,0.862,0.138,3.407,-0.002,0.0976,0.0046,0.042,,,,,,,,,,
349,12.307,45744128,105215,34,21.28,0.147,6.97,1.0,0.0,3.442,-0.0021,0.0676,0.0051,0.047,,,,,,,,,,
350,12.339,45875200,69610,68,15.89,0.074,6.71,0.97,0.03,3.422,-0.0015,0.1047,0.0043,0.035,,,,,,,,,,
351,12.359,46006272,107452,74,18.18,0.081,6.55,1.0,0.0,3.434,-0.0021,0.0947,0.0045,0.04,,,,,,,,,,
352,12.379,46137344,112136,50,18.54,0.12,6.7,1.0,0.0,3.429,-0.0018,0.0808,0.0048,0.04,,,,,,,,,,
353,12.398,46268416,111265,42,24.34,0.19,6.81,1.0,0.0,3.46,-0.0018,0.066,0.0049,0.044,,,,,,,,,,
354,12.418,46399488,110286,64,18.58,0.078,6.67,0.969,0.031,3.475,-0.0021,0.0776,0.0046,0.044,,,,,,,,,,
355,12.437,46530560,113140,65,18.6,0.154,6.15,0.938,0.062,3.465,-0.0019,0.0809,0.0048,0.047,,,,,,,,,,
356,12.456,46661632,116711,63,15.97,0.127,5.98,1.0,0.0,3.449,-0.0018,0.0705,0.0041,0.042,,,,,,,,,,
357,12.483,46792704,80336,52,15.1,0.077,6.17,0.929,0.071,3.436,-0.0019,0.0734,0.0045,0.043,,,,,,,,,,
358,12.502,46923776,117366,36,24.77,0.222,6.44,1.0,0.0,3.399,-0.0021,0.0647,0.0049,0.043,,,,,,,,,,
359,12.523,47054848,103340,65,17.84,0.123,6.35,0.947,0.053,3.358,-0.0018,0.0922,0.0055,0.056,,,,,,,,,,
360,12.829,47185920,109299,81,18.11,0.173,6.01,1.0,0.0,3.363,-0.0021,0.0863,0.0049,0.046,0.985,0.01,0.641,0.62,0.0,0.908,0.709,0.515,0.05,0.942
361,12.848,47316992,118963,53,23.8,0.226,6.21,1.0,0.0,3.374,-0.0022,0.062,0.004,0.037,,,,,,,,,,
362,12.866,47448064,117936,51,18.59,0.059,6.92,1.0,0.0,3.347,-0.0022,0.0819,0.0047,0.041,,,,,,,,,,
363,12.892,47579136,84954,52,17.25,0.096,6.35,0.609,0.391,3.373,-0.0021,0.0765,0.0043,0.041,,,,,,,,,,
364,12.911,47710208,117473,57,18.33,0.175,6.72,0.941,0.059,3.398,-0.0019,0.0655,0.0045,0.046,,,,,,,,,,
365,12.929,47841280,118347,37,18.48,0.081,6.73,0.85,0.15,3.354,-0.002,0.071,0.0043,0.038,,,,,,,,,,
366,12.948,47972352,118179,78,19.03,0.167,6.4,0.744,0.256,3.351,-0.0019,0.094,0.0049,0.044,,,,,,,,,,
367,12.967,48103424,110520,47,19.89,0.128,6.6,0.895,0.105,3.363,-0.002,0.0634,0.0045,0.044,,,,,,,,,,
368,12.994,48234496,82839,53,20.94,0.226,6.26,1.0,0.0,3.365,-0.0021,0.07,0.0046,0.044,,,,,,,,,,
369,13.013,48365568,114229,44,28.04,0.295,6.82,1.0,0.0,3.373,-0.0022,0.0726,0.0047,0.043,,,,,,,,,,
370,13.04,48496640,80105,51,16.31,0.078,6.27,0.958,0.042,3.363,-0.002,0.0738,0.0046,0.043,,,,,,,,,,
371,13.061,48627712,105134,57,23.52,0.105,6.65,0.95,0.05,3.352,-0.0019,0.0823,0.0048,0.042,,,,,,,,,,
372,13.08,48758784,116283,90,21.58,0.156,6.66,0.711,0.289,3.343,-0.0021,0.1055,0.0044,0.049,,,,,,,,,,
373,13.098,48889856,120761,68,19.31,0.059,6.74,0.968,0.032,3.364,-0.002,0.0878,0.0046,0.041,,,,,,,,,,
374,13.116,49020928,121585,65,20.45,0.108,6.49,0.952,0.048,3.31,-0.0023,0.0951,0.0049,0.045,,,,,,,,,,
375,13.378,49152000,121081,76,18.49,0.092,6.71,0.919,0.081,3.332,-0.002,0.094,0.0044,0.04,0.985,0.0,0.661,0.76,0.0,0.918,0.697,0.265,0.02,0.953
376,13.397,49283072,111313,51,19.87,0.078,6.71,1.0,0.0,3.32,-0.002,0.0792,0.0046,0.04,,,,,,,,,,
377,13.419,49414144,101836,62,17.06,0.032,6.47,0.955,0.045,3.259,-0.0023,0.0872,0.0049,0.045,,,,,,,,,,
378,13.45,49545216,69276,82,17.06,0.061,6.4,0.903,0.097,3.279,-0.0026,0.0842,0.005,0.055,,,,,,,,,,
379,13.469,49676288,115922,76,19.56,0.039,6.37,0.882,0.118,3.283,-0.002,0.0862,0.0041,0.037,,,,,,,,,,
380,13.489,49807360,108630,100,17.76,0.04,6.65,0.714,0.286,3.269,-0.0022,0.1024,0.0046,0.043,,,,,,,,,,
381,13.508,49938432,116202,107,14.77,0.028,6.66,0.439,0.561,3.275,-0.0017,0.0999,0.0044,0.041,,,,,,,,,,
382,13.527,50069504,118585,73,16.28,0.027,6.3,0.833,0.167,3.266,-0.0024,0.0651,0.0045,0.04,,,,,,,,,,
383,13.549,50200576,99561,77,14.43,0.0,6.62,1.0,0.0,3.248,-0.0021,0.0766,0.0042,0.043,,,,,,,,,,
384,13.568,50331648,110600,95,14.37,0.021,6.39,0.769,0.231,3.244,-0.0019,0.0968,0.0048,0.043,,,,,,,,,,
385,13.589,50462720,106866,118,11.96,0.0,6.76,0.42,0.58,3.239,-0.0018,0.1116,0.0044,0.037,,,,,,,,,,
386,13.62,50593792,70252,111,11.64,0.009,6.56,0.5,0.5,3.24,-0.0017,0.0989,0.0044,0.04,,,,,,,,,,
387,13.643,50724864,93428,95,11.18,0.0,6.76,0.733,0.267,3.251,-0.002,0.1049,0.0048,0.038,,,,,,,,,,
388,13.661,50855936,121606,111,11.65,0.0,6.67,0.737,0.263,3.197,-0.0021,0.1006,0.0044,0.041,,,,,,,,,,
389,13.682,50987008,107641,109,10.84,0.0,6.75,0.757,0.243,3.192,-0.0019,0.1153,0.0047,0.042,,,,,,,,,,
390,13.97,51118080,96455,84,12.46,0.012,6.87,0.867,0.133,3.184,-0.0021,0.1031,0.0043,0.039,0.995,0.0,0.63,0.785,0.0,0.859,0.677,0.285,0.28,0.926
391,13.995,51249152,88117,111,10.16,0.0,6.89,0.812,0.188,3.137,-0.0021,0.1571,0.0046,0.046,,,,,,,,,,
392,14.022,51380224,79312,137,10.04,0.0,7.12,0.755,0.245,3.205,-0.0021,0.158,0.004,0.038,,,,,,,,,,
393,14.048,51511296,84096,98,10.11,0.0,7.14,0.92,0.08,3.248,-0.0017,0.1417,0.0044,0.037,,,,,,,,,,
394,14.068,51642368,110182,83,10.11,0.0,7.16,0.933,0.067,3.225,-0.0024,0.1253,0.0045,0.042,,,,,,,,,,
395,14.088,51773440,109820,86,11.27,0.012,7.23,0.867,0.133,3.233,-0.0022,0.1639,0.0043,0.039,,,,,,,,,,
396,14.108,51904512,111209,81,11.7,0.0,7.35,1.0,0.0,3.228,-0.0021,0.173,0.0041,0.04,,,,,,,,,,
397,14.128,52035584,110616,131,10.47,0.0,6.89,1.0,0.0,3.224,-0.0021,0.2408,0.0043,0.038,,,,,,,,,,
398,14.148,52166656,105751,124,11.58,0.0,7.23,1.0,0.0,3.248,-0.0028,0.2598,0.0048,0.044,,,,,,,,,,
399,14.168,52297728,110102,91,11.25,0.0,7.03,1.0,0.0,3.261,-0.0023,0.2287,0.0039,0.043,,,,,,,,,,
400,14.191,52428800,94692,102,10.27,0.0,7.32,0.9,0.1,3.23,-0.0027,0.2434,0.0047,0.047,,,,,,,,,,
401,14.211,52559872,110026,153,10.1,0.007,7.12,0.932,0.068,3.265,-0.0028,0.2388,0.0047,0.043,,,,,,,,,,
402,14.233,52690944,99289,82,9.89,0.0,7.11,1.0,0.0,3.248,-0.0026,0.1987,0.005,0.043,,,,,,,,,,
403,14.252,52822016,113159,101,9.45,0.0,7.12,0.972,0.028,3.216,-0.0028,0.2094,0.0043,0.042,,,,,,,,,,
404,14.272,52953088,113465,82,10.28,0.0,7.11,1.0,0.0,3.219,-0.0029,0.1948,0.0047,0.046,,,,,,,,,,
405,14.493,53084160,113210,71,10.37,0.0,7.38,1.0,0.0,3.203,-0.0029,0.1933,0.005,0.042,1.0,0.0,0.712,1.0,0.0,0.677,0.7,0.32,0.11,0.933
406,14.513,53215232,110230,93,11.81,0.0,7.29,1.0,0.0,3.192,-0.0023,0.1834,0.0043,0.037,,,,,,,,,,
407,14.533,53346304,109482,87,11.85,0.011,7.72,0.875,0.125,3.176,-0.0022,0.2333,0.0046,0.042,,,,,,,,,,
408,14.553,53477376,108883,90,11.23,0.0,7.37,0.919,0.081,3.2,-0.0019,0.1624,0.0037,0.03,,,,,,,,,,
409,14.574,53608448,102847,62,12.98,0.0,7.47,0.933,0.067,3.169,-0.0021,0.15,0.0043,0.037,,,,,,,,,,
410,14.605,53739520,70757,80,11.95,0.0,7.16,0.97,0.03,3.151,-0.0022,0.1883,0.0048,0.042,,,,,,,,,,
411,14.634,53870592,75705,92,12.17,0.0,7.46,0.941,0.059,3.144,-0.002,0.1736,0.0045,0.043,,,,,,,,,,
412,14.657,54001664,94608,88,12.61,0.0,7.32,0.969,0.031,3.15,-0.0023,0.1797,0.004,0.039,,,,,,,,,,
413,14.676,54132736,112311,91,11.98,0.0,7.1,0.971,0.029,3.144,-0.002,0.1609,0.0042,0.036,,,,,,,,,,
414,14.696,54263808,112167,63,14.29,0.0,7.38,0.933,0.067,3.183,-0.0024,0.154,0.0051,0.045,,,,,,,,,,
415,14.716,54394880,108441,62,13.34,0.0,7.05,0.85,0.15,3.164,-0.0024,0.1252,0.0044,0.042,,,,,,,,,,
416,14.736,54525952,110457,78,14.43,0.0,7.65,0.857,0.143,3.163,-0.0019,0.1743,0.0045,0.037,,,,,,,,,,
417,14.756,54657024,110361,88,13.5,0.0,7.51,0.946,0.054,3.148,-0.0025,0.1742,0.0044,0.042,,,,,,,,,,
418,14.777,54788096,100078,59,13.72,0.0,7.44,0.9,0.1,3.158,-0.0022,0.1387,0.0044,0.039,,,,,,,,,,
419,14.809,54919168,69145,76,14.7,0.0,7.49,1.0,0.0,3.162,-0.0023,0.1632,0.0045,0.041,,,,,,,,,,
420,15.042,55050240,70618,93,13.36,0.0,7.04,1.0,0.0,3.198,-0.0022,0.1556,0.0049,0.041,1.0,0.0,0.773,1.0,0.0,0.786,0.769,0.495,0.035,0.946
421,15.062,55181312,110104,59,17.32,0.051,7.71,1.0,0.0,3.215,-0.0019,0.1386,0.0043,0.034,,,,,,,,,,
422,15.081,55312384,113007,72,14.63,0.014,7.54,1.0,0.0,3.19,-0.0019,0.1542,0.0043,0.035,,,,,,,,,,
423,15.1,55443456,111848,77,13.77,0.0,7.12,1.0,0.0,3.207,-0.0021,0.1451,0.0042,0.036,,,,,,,,,,
424,15.126,55574528,87082,59,15.65,0.0,7.83,0.818,0.182,3.178,-0.0022,0.1395,0.0048,0.039,,,,,,,,,,
425,15.144,55705600,117907,59,15.58,0.0,7.32,0.95,0.05,3.191,-0.0017,0.1177,0.0037,0.027,,,,,,,,,,
426,15.165,55836672,105771,83,13.19,0.012,7.61,0.902,0.073,3.19,-0.002,0.153,0.0045,0.039,,,,,,,,,,
427,15.184,55967744,114590,77,16.28,0.0,7.62,0.941,0.059,3.216,-0.002,0.1588,0.0042,0.036,,,,,,,,,,
428,15.202,56098816,118848,61,16.55,0.0,7.28,1.0,0.0,3.218,-0.0022,0.1317,0.0043,0.038,,,,,,,,,,
429,15.222,56229888,108692,79,13.52,0.0,7.38,1.0,0.0,3.217,-0.0023,0.1398,0.0047,0.042,,,,,,,,,,
430,15.256,56360960,65380,77,14.44,0.0,7.53,0.955,0.045,3.214,-0.0021,0.153,0.0047,0.041,,,,,,,,,,
431,15.278,56492032,99857,72,14.2,0.014,7.4,0.96,0.04,3.214,-0.0022,0.1371,0.0044,0.041,,,,,,,,,,
432,15.298,56623104,105369,63,13.6,0.0,7.6,0.909,0.091,3.207,-0.002,0.1409,0.0044,0.037,,,,,,,,,,
433,15.328,56754176,74686,65,14.54,0.0,7.63,0.917,0.083,3.224,-0.0022,0.1206,0.0047,0.044,,,,,,,,,,
434,15.346,56885248,119586,49,17.76,0.02,7.76,1.0,0.0,3.191,-0.0024,0.1211,0.0043,0.038,,,,,,,,,,
435,15.516,57016320,116798,68,17.56,0.015,7.59,0.909,0.091,3.203,-0.0019,0.1374,0.005,0.04,0.995,0.005,0.736,1.0,0.0,0.786,0.763,0.455,0.055,0.936
436,15.537,57147392,105670,73,14.37,0.0,7.42,0.938,0.062,3.2,-0.0023,0.12,0.0046,0.042,,,,,,,,,,
437,15.558,57278464,104614,45,18.72,0.0,7.6,0.909,0.091,3.205,-0.002,0.1081,0.0041,0.037,,,,,,,,,,
438,15.582,57409536,89294,46,13.98,0.022,7.48,0.95,0.05,3.2,-0.0021,0.0912,0.0052,0.046,,,,,,,,,,
439,15.6,57540608,119499,74,18.06,0.0,7.64,0.964,0.036,3.178,-0.0021,0.1255,0.0047,0.04,,,,,,,,,,
440,15.619,57671680,117918,71,17.01,0.028,7.34,0.929,0.071,3.178,-0.0021,0.1059,0.0047,0.04,,,,,,,,,,
441,15.637,57802752,118216,64,17.56,0.016,7.3,0.958,0.042,3.191,-0.002,0.1005,0.0045,0.042,,,,,,,,,,
442,15.657,57933824,113267,83,15.02,0.012,7.4,0.966,0.034,3.206,-0.0018,0.1317,0.0048,0.044,,,,,,,,,,
443,15.676,58064896,113868,67,16.91,0.015,7.55,0.957,0.043,3.19,-0.0021,0.1174,0.0041,0.037,,,,,,,,,,
444,15.707,58195968,70059,73,17.12,0.027,7.56,0.963,0.037,3.184,-0.0017,0.1296,0.004,0.038,,,,,,,,,,
445,15.727,58327040,110955,72,17.56,0.014,7.38,0.96,0.04,3.204,-0.002,0.128,0.0047,0.042,,,,,,,,,,
446,15.745,58458112,118335,74,16.39,0.014,7.69,0.87,0.13,3.195,-0.0019,0.1358,0.0045,0.036,,,,,,,,,,
447,15.765,58589184,110649,61,15.32,0.0,8.1,0.75,0.25,3.173,-0.002,0.1364,0.0043,0.04,,,,,,,,,,
448,15.785,58720256,111560,70,17.2,0.043,7.69,0.864,0.091,3.204,-0.0022,0.1299,0.0048,0.044,,,,,,,,,,
449,15.804,58851328,113659,117,13.57,0.009,7.44,0.938,0.062,3.194,-0.0019,0.163,0.0045,0.04,,,,,,,,,,
450,16.002,58982400,105456,48,15.34,0.0,7.85,1.0,0.0,3.242,-0.0022,0.1111,0.0046,0.04,0.99,0.01,0.68,1.0,0.0,0.75,0.772,0.53,0.11,0.92
451,16.024,59113472,99732,47,13.22,0.0,7.13,0.875,0.125,3.2,-0.0022,0.1087,0.0046,0.036,,,,,,,,,,
452,16.043,59244544,117844,85,17.43,0.047,7.44,0.957,0.043,3.181,-0.0022,0.1477,0.0042,0.033,,,,,,,,,,
453,16.062,59375616,112071,101,12.81,0.0,7.22,0.957,0.043,3.184,-0.0022,0.1537,0.0042,0.038,,,,,,,,,,
454,16.081,59506688,114213,63,14.41,0.032,7.67,0.889,0.111,3.201,-0.0023,0.1166,0.004,0.039,,,,,,,,,,
455,16.106,59637760,87576,69,14.15,0.014,7.38,0.909,0.091,3.205,-0.0019,0.1377,0.0042,0.044,,,,,,,,,,
456,16.127,59768832,105131,72,14.09,0.028,7.24,1.0,0.0,3.182,-0.0023,0.1322,0.0046,0.042,,,,,,,,,,
457,16.148,59899904,105285,64,16.11,0.0,7.36,0.947,0.053,3.133,-0.0024,0.1295,0.0047,0.038,,,,,,,,,,
458,16.18,60030976,68054,73,14.92,0.027,7.53,1.0,0.0,3.154,-0.0022,0.1286,0.004,0.039,,,,,,,,,,
459,16.199,60162048,114504,72,13.86,0.028,7.0,0.973,0.027,3.113,-0.0022,0.1257,0.0044,0.036,,,,,,,,,,
460,16.219,60293120,111625,57,18.12,0.035,7.32,1.0,0.0,3.143,-0.0019,0.1114,0.0041,0.035,,,,,,,,,,
461,16.238,60424192,113366,56,15.97,0.018,7.25,1.0,0.0,3.129,-0.002,0.1108,0.004,0.034,,,,,,,,,,
462,16.258,60555264,109112,56,19.03,0.018,7.29,1.0,0.0,3.093,-0.0022,0.1178,0.0044,0.036,,,,,,,,,,
463,16.278,60686336,109445,83,14.91,0.012,7.18,0.976,0.024,3.116,-0.0017,0.1213,0.0037,0.03,,,,,,,,,,
464,16.307,60817408,75515,82,13.52,0.024,7.21,1.0,0.0,3.124,-0.002,0.1228,0.0038,0.032,,,,,,,,,,
465,16.502,60948480,108771,50,18.49,0.0,7.64,1.0,0.0,3.121,-0.002,0.1167,0.0048,0.041,1.0,0.0,0.668,1.0,0.0,0.691,0.773,0.675,0.2,0.861
466,16.522,61079552,109055,71,15.56,0.056,7.48,0.97,0.03,3.131,-0.0018,0.1303,0.004,0.035,,,,,,,,,,
467,16.541,61210624,111961,88,14.29,0.0,7.28,1.0,0.0,3.142,-0.0019,0.1346,0.0041,0.04,,,,,,,,,,
468,16.561,61341696,110385,52,15.29,0.019,7.31,0.957,0.043,3.137,-0.0018,0.0903,0.0041,0.036,,,,,,,,,,
469,16.593,61472768,68580,65,15.82,0.0,7.77,0.889,0.111,3.119,-0.0019,0.1362,0.0045,0.036,,,,,,,,,,
470,16.616,61603840,95891,69,11.82,0.0,6.87,1.0,0.0,3.137,-0.002,0.1181,0.004,0.037,,,,,,,,,,
471,16.635,61734912,112984,61,16.41,0.049,7.21,1.0,0.0,3.14,-0.0019,0.1042,0.0045,0.037,,,,,,,,,,
472,16.655,61865984,111315,77,12.94,0.039,6.94,1.0,0.0,3.124,-0.0019,0.1195,0.0048,0.042,,,,,,,,,,
473,16.674,61997056,114840,38,21.9,0.0,7.97,0.833,0.167,3.132,-0.0017,0.1048,0.004,0.037,,,,,,,,,,
474,16.692,62128128,118470,60,17.1,0.033,7.32,0.966,0.0,3.135,-0.0021,0.1106,0.0043,0.04,,,,,,,,,,
475,16.713,62259200,103573,80,14.79,0.025,7.16,0.955,0.023,3.139,-0.0019,0.1114,0.0044,0.041,,,,,,,,,,
476,16.741,62390272,78045,65,17.63,0.062,7.23,1.0,0.0,3.172,-0.0018,0.0925,0.0037,0.033,,,,,,,,,,
477,16.774,62521344,66658,55,19.44,0.091,7.49,0.947,0.053,3.173,-0.0022,0.1038,0.0043,0.039,,,,,,,,,,
478,16.805,62652416,69824,62,17.36,0.048,7.26,1.0,0.0,3.165,-0.0017,0.1107,0.0042,0.038,,,,,,,,,,
479,16.828,62783488,94466,65,21.18,0.046,7.51,0.944,0.056,3.197,-0.0022,0.0995,0.0048,0.048,,,,,,,,,,
480,17.011,62914560,113512,59,18.17,0.034,7.34,0.964,0.036,3.199,-0.0022,0.0916,0.0042,0.038,1.0,0.0,0.635,1.0,0.0,0.708,0.732,0.72,0.025,0.921
481,17.032,63045632,105056,53,23.39,0.113,7.64,1.0,0.0,3.206,-0.0017,0.1068,0.0044,0.038,,,,,,,,,,
482,17.053,63176704,105304,49,21.17,0.041,7.67,1.0,0.0,3.202,-0.0017,0.0913,0.0044,0.035,,,,,,,,,,
483,17.085,63307776,68174,52,20.81,0.038,7.81,1.0,0.0,3.214,-0.0018,0.1081,0.0044,0.037,,,,,,,,,,
484,17.104,63438848,115502,60,19.25,0.067,7.63,0.882,0.118,3.222,-0.002,0.1028,0.0045,0.042,,,,,,,,,,
485,17.123,63569920,113058,50,17.43,0.04,7.58,0.85,0.1,3.241,-0.0023,0.0926,0.0049,0.047,,,,,,,,,,
486,17.143,63700992,112378,44,21.2,0.114,7.75,1.0,0.0,3.224,-0.0018,0.0807,0.0047,0.037,,,,,,,,,,
487,17.162,63832064,114414,41,21.55,0.024,7.95,0.909,0.091,3.24,-0.0019,0.0792,0.0046,0.039,,,,,,,,,,
488,17.18,63963136,119716,53,19.1,0.057,7.45,1.0,0.0,3.243,-0.0021,0.0981,0.0046,0.044,,,,,,,,,,
489,17.198,64094208,119137,50,16.74,0.02,7.52,0.893,0.107,3.239,-0.0019,0.0775,0.0045,0.04,,,,,,,,,,
490,17.217,64225280,119166,58,19.73,0.034,7.36,0.966,0.034,3.242,-0.0018,0.0939,0.0045,0.037,,,,,,,,,,
491,17.235,64356352,120659,57,20.25,0.035,7.54,1.0,0.0,3.234,-0.0023,0.1024,0.0047,0.041,,,,,,,,,,
492,17.253,64487424,118456,44,18.37,0.045,7.5,1.0,0.0,3.256,-0.0023,0.0654,0.0046,0.045,,,,,,,,,,
493,17.272,64618496,120151,41,27.02,0.073,7.8,0.875,0.125,3.264,-0.0022,0.0854,0.0051,0.048,,,,,,,,,,
494,17.29,64749568,119589,31,24.59,0.032,7.84,1.0,0.0,3.276,-0.002,0.0638,0.0051,0.047,,,,,,,,,,
495,17.501,64880640,108367,23,23.74,0.13,7.57,0.875,0.125,3.281,-0.0021,0.0493,0.0044,0.039,0.985,0.0,0.592,1.0,0.0,0.789,0.692,0.65,0.025,0.946
496,17.52,65011712,114224,39,21.26,0.026,7.59,0.929,0.071,3.265,-0.0023,0.0784,0.005,0.052,,,,,,,,,,
497,17.54,65142784,110502,50,24.29,0.08,7.86,1.0,0.0,3.27,-0.002,0.0829,0.0045,0.045,,,,,,,,,,
498,17.558,65273856,119797,38,26.01,0.105,7.24,0.889,0.111,3.282,-0.0022,0.0682,0.0049,0.043,,,,,,,,,,
499,17.577,65404928,111915,58,26.86,0.086,7.67,0.895,0.105,3.286,-0.0023,0.0901,0.0051,0.046,,,,,,,,,,
500,17.597,65536000,110385,72,20.5,0.083,7.12,1.0,0.0,3.299,-0.0021,0.0786,0.005,0.046,,,,,,,,,,
501,17.623,65667072,85207,50,22.83,0.1,7.18,1.0,0.0,3.281,-0.002,0.0901,0.0047,0.046,,,,,,,,,,
502,17.646,65798144,94923,41,20.73,0.073,6.93,1.0,0.0,3.263,-0.002,0.0669,0.0045,0.041,,,,,,,,,,
503,17.665,65929216,116001,66,20.05,0.106,6.85,1.0,0.0,3.236,-0.0024,0.0846,0.0047,0.047,,,,,,,,,,
504,17.683,66060288,118785,55,21.34,0.109,7.33,0.957,0.043,3.25,-0.0024,0.1006,0.0045,0.042,,,,,,,,,,
505,17.702,66191360,112866,52,26.8,0.212,7.35,0.909,0.091,3.232,-0.0019,0.0745,0.0042,0.036,,,,,,,,,,
506,17.721,66322432,118991,59,20.7,0.068,7.36,1.0,0.0,3.233,-0.002,0.1048,0.0044,0.039,,,,,,,,,,
507,17.739,66453504,120047,56,15.91,0.071,6.82,1.0,0.0,3.241,-0.0022,0.0635,0.0044,0.039,,,,,,,,,,
508,17.758,66584576,117559,67,21.26,0.09,7.21,1.0,0.0,3.23,-0.002,0.0883,0.0049,0.037,,,,,,,,,,
509,17.776,66715648,117221,64,18.97,0.094,7.52,0.962,0.038,3.232,-0.0024,0.0876,0.0045,0.044,,,,,,,,,,
510,18.05,66846720,118029,57,19.49,0.053,7.37,0.955,0.045,3.218,-0.0019,0.1151,0.0043,0.037,0.98,0.005,0.593,1.0,0.0,0.893,0.699,0.92,0.005,0.901
511,18.069,66977792,114694,72,18.5,0.097,7.31,1.0,0.0,3.176,-0.0019,0.0962,0.0047,0.04,,,,,,,,,,
512,18.088,67108864,112877,72,17.29,0.069,7.67,0.962,0.038,3.18,-0.002,0.1128,0.0039,0.037,,,,,,,,,,
513,18.107,67239936,116012,65,18.63,0.077,7.29,1.0,0.0,3.157,-0.0022,0.0891,0.0049,0.041,,,,,,,,,,
514,18.127,67371008,112044,58,17.3,0.034,7.53,1.0,0.0,3.146,-0.0021,0.0909,0.0047,0.045,,,,,,,,,,
515,18.145,67502080,119110,61,16.59,0.049,7.41,1.0,0.0,3.145,-0.0018,0.0984,0.0042,0.038,,,,,,,,,,
516,18.166,67633152,105140,82,16.54,0.037,7.44,1.0,0.0,3.14,-0.0015,0.1038,0.0039,0.034,,,,,,,,,,
517,18.199,67764224,66704,64,19.57,0.031,7.38,0.964,0.036,3.121,-0.0019,0.1064,0.0044,0.035,,,,,,,,,,
518,18.219,67895296,107345,67,16.14,0.06,7.16,1.0,0.0,3.098,-0.0022,0.1015,0.0045,0.041,,,,,,,,,,
519,18.252,68026368,66578,63,16.0,0.0,7.59,0.963,0.037,3.097,-0.0023,0.122,0.0043,0.036,,,,,,,,,,
520,18.271,68157440,113058,90,18.29,0.078,7.3,0.97,0.03,3.091,-0.0019,0.1164,0.0034,0.029,,,,,,,,,,
521,18.291,68288512,107975,72,15.19,0.042,7.18,1.0,0.0,3.092,-0.0019,0.1201,0.004,0.034,,,,,,,,,,
522,18.311,68419584,109890,77,15.81,0.052,7.32,0.969,0.031,3.073,-0.0021,0.1252,0.0039,0.036,,,,,,,,,,
523,18.331,68550656,113460,70,15.78,0.014,7.66,0.962,0.038,3.06,-0.002,0.1363,0.0042,0.034,,,,,,,,,,
524,18.351,68681728,107522,58,18.43,0.034,7.93,1.0,0.0,3.046,-0.0022,0.1356,0.0049,0.042,,,,,,,,,,
525,18.625,68812800,76260,84,13.41,0.024,7.24,0.976,0.024,3.034,-0.0023,0.1299,0.0038,0.035,0.99,0.005,0.619,0.995,0.0,0.935,0.703,0.825,0.0,0.932
526,18.655,68943872,73653,86,15.53,0.047,7.62,0.974,0.026,3.035,-0.0019,0.1293,0.0038,0.033,,,,,,,,,,
527,18.675,69074944,109761,47,17.66,0.0,7.91,0.8,0.2,3.028,-0.0021,0.1087,0.0043,0.037,,,,,,,,,,
528,18.694,69206016,115281,77,15.53,0.013,7.79,1.0,0.0,2.993,-0.0018,0.1704,0.004,0.035,,,,,,,,,,
529,18.713,69337088,113336,104,14.07,0.0,7.59,1.0,0.0,3.002,-0.002,0.1688,0.0042,0.046,,,,,,,,,,
530,18.734,69468160,104561,70,15.82,0.014,7.91,1.0,0.0,2.986,-0.002,0.1399,0.0039,0.036,,,,,,,,,,
531,18.753,69599232,114933,80,14.78,0.025,7.88,0.879,0.121,2.983,-0.002,0.1487,0.0039,0.035,,,,,,,,,,
532,18.773,69730304,105627,73,13.67,0.027,7.41,1.0,0.0,2.985,-0.0019,0.1336,0.0044,0.035,,,,,,,,,,
533,18.799,69861376,87247,59,15.37,0.051,7.59,0.933,0.067,2.968,-0.0018,0.1328,0.0039,0.033,,,,,,,,,,
534,18.831,69992448,67511,61,15.44,0.016,8.0,0.889,0.111,2.989,-0.002,0.1253,0.0047,0.042,,,,,,,,,,
535,18.857,70123520,85176,73,14.63,0.041,7.64,0.963,0.037,3.001,-0.0018,0.1383,0.0045,0.039,,,,,,,,,,
536,18.876,70254592,113263,74,14.35,0.014,7.53,0.973,0.027,3.026,-0.0018,0.1273,0.0036,0.031,,,,,,,,,,
537,18.897,70385664,102515,69,13.62,0.014,7.39,0.969,0.031,3.013,-0.0014,0.1095,0.0043,0.037,,,,,,,,,,
538,18.917,70516736,111258,73,13.46,0.027,7.32,0.969,0.031,3.017,-0.0021,0.109,0.0044,0.041,,,,,,,,,,
539,18.937,70647808,109547,71,14.55,0.028,7.48,1.0,0.0,3.007,-0.0019,0.1156,0.0039,0.036,,,,,,,,,,
540,19.202,70778880,83751,63,12.56,0.0,7.14,1.0,0.0,3.019,-0.0018,0.0897,0.0041,0.036,0.98,0.02,0.619,1.0,0.0,0.942,0.723,0.925,0.0,0.915
541,19.223,70909952,107998,71,16.57,0.056,7.41,0.966,0.034,2.997,-0.0022,0.1214,0.0045,0.043,,,,,,,,,,
542,19.243,71041024,108402,70,16.14,0.014,7.29,1.0,0.0,3.01,-0.002,0.1027,0.0044,0.044,,,,,,,,,,
543,19.263,71172096,109831,54,17.4,0.037,7.65,0.933,0.067,2.975,-0.0021,0.0841,0.0052,0.043,,,,,,,,,,
544,19.282,71303168,111357,44,18.7,0.023,7.68,1.0,0.0,2.99,-0.0022,0.0909,0.0039,0.034,,,,,,,,,,
545,19.301,71434240,118953,57,15.99,0.018,7.61,1.0,0.0,2.99,-0.0019,0.0956,0.0043,0.033,,,,,,,,,,
546,19.319,71565312,120134,75,16.31,0.027,7.45,0.972,0.028,2.986,-0.0019,0.1279,0.0047,0.043,,,,,,,,,,
547,19.341,71696384,97855,81,15.16,0.0,7.38,1.0,0.0,3.028,-0.0019,0.1182,0.0046,0.036,,,,,,,,,,
548,19.361,71827456,112493,65,19.86,0.077,7.75,1.0,0.0,3.009,-0.0021,0.1066,0.0046,0.039,,,,,,,,,,
549,19.382,71958528,104851,63,15.27,0.048,7.68,1.0,0.0,2.986,-0.0023,0.11,0.0045,0.037,,,,,,,,,,
550,19.412,72089600,72905,93,16.73,0.032,7.72,0.974,0.026,2.996,-0.0014,0.1567,0.0037,0.03,,,,,,,,,,
551,19.444,72220672,67635,79,14.23,0.013,7.56,1.0,0.0,2.989,-0.0016,0.1212,0.0041,0.033,,,,,,,,,,
552,19.471,72351744,79338,63,19.32,0.048,7.78,1.0,0.0,2.981,-0.0019,0.142,0.0043,0.038,,,,,,,,,,
553,19.49,72482816,118935,81,14.1,0.012,7.36,1.0,0.0,2.957,-0.0021,0.1272,0.0046,0.041,,,,,,,,,,
554,19.508,72613888,119720,75,14.75,0.04,7.53,1.0,0.0,2.968,-0.0013,0.1125,0.0036,0.026,,,,,,,,,,
555,19.803,72744960,120559,52,18.3,0.077,7.75,0.933,0.067,2.955,-0.0018,0.0955,0.0038,0.03,0.995,0.0,0.663,0.975,0.0,0.989,0.759,0.93,0.0,0.918
556,19.821,72876032,122118,45,16.21,0.067,7.6,0.846,0.154,2.952,-0.0019,0.0937,0.0044,0.038,,,,,,,,,,
557,19.841,73007104,106106,47,19.8,0.021,7.98,1.0,0.0,2.919,-0.0019,0.1161,0.004,0.032,,,,,,,,,,
558,19.861,73138176,114067,73,16.01,0.0,7.58,0.909,0.091,2.939,-0.0019,0.1222,0.0044,0.039,,,,,,,,,,
559,19.883,73269248,98572,94,14.13,0.0,7.48,0.979,0.021,2.952,-0.002,0.1454,0.0047,0.041,,,,,,,,,,
560,19.913,73400320,71778,58,21.12,0.069,7.72,0.8,0.2,2.985,-0.0019,0.0942,0.0043,0.036,,,,,,,,,,
561,19.932,73531392,113383,46,16.5,0.022,7.48,1.0,0.0,2.978,-0.0019,0.0856,0.0048,0.039,,,,,,,,,,
562,19.952,73662464,112037,76,14.33,0.039,7.13,1.0,0.0,2.961,-0.0018,0.0973,0.0037,0.035,,,,,,,,,,
563,19.97,73793536,118221,69,16.2,0.058,7.14,1.0,0.0,2.987,-0.0021,0.096,0.0043,0.043,,,,,,,,,,
564,19.99,73924608,113486,62,14.24,0.032,6.94,1.0,0.0,2.982,-0.0013,0.0946,0.004,0.032,,,,,,,,,,
565,20.011,74055680,100416,78,12.98,0.026,6.87,1.0,0.0,2.959,-0.0017,0.1187,0.0042,0.04,,,,,,,,,,
566,20.044,74186752,67170,56,18.2,0.054,7.45,1.0,0.0,2.961,-0.002,0.0995,0.0039,0.032,,,,,,,,,,
567,20.076,74317824,67918,66,17.31,0.03,7.64,1.0,0.0,2.948,-0.0017,0.1343,0.004,0.033,,,,,,,,,,
568,20.094,74448896,119559,105,14.21,0.019,7.2,1.0,0.0,2.954,-0.0016,0.1548,0.005,0.044,,,,,,,,,,
569,20.113,74579968,115075,67,16.59,0.045,7.34,1.0,0.0,2.953,-0.0018,0.1197,0.0042,0.039,,,,,,,,,,
570,20.362,74711040,120283,34,22.39,0.029,7.68,1.0,0.0,2.922,-0.0019,0.089,0.0039,0.036,0.995,0.0,0.656,0.985,0.0,0.949,0.756,0.905,0.005,0.88
571,20.38,74842112,120039,74,14.88,0.054,6.84,0.975,0.025,2.901,-0.0017,0.1072,0.0041,0.037,,,,,,,,,,
572,20.4,74973184,109311,63,17.9,0.063,7.24,1.0,0.0,2.912,-0.0021,0.1037,0.0042,0.038,,,,,,,,,,
573,20.425,75104256,85985,51,15.97,0.0,7.43,0.941,0.059,2.902,-0.0018,0.087,0.0038,0.036,,,,,,,,,,
574,20.444,75235328,114740,72,17.28,0.028,7.47,1.0,0.0,2.892,-0.0017,0.1193,0.0044,0.039,,,,,,,,,,
575,20.464,75366400,113616,85,14.43,0.047,6.79,1.0,0.0,2.901,-0.0023,0.106,0.0046,0.042,,,,,,,,,,
576,20.482,75497472,119066,73,15.21,0.068,7.18,1.0,0.0,2.9,-0.0016,0.1214,0.0046,0.042,,,,,,,,,,
577,20.503,75628544,104453,64,13.41,0.031,7.22,1.0,0.0,2.906,-0.0022,0.0986,0.0052,0.05,,,,,,,,,,
578,20.522,75759616,113154,43,18.31,0.093,7.58,0.933,0.067,2.912,-0.0019,0.087,0.0044,0.041,,,,,,,,,,
579,20.542,75890688,109124,70,18.37,0.071,7.44,1.0,0.0,2.888,-0.0018,0.1228,0.0037,0.032,,,,,,,,,,
580,20.573,76021760,72010,99,12.87,0.051,6.57,1.0,0.0,2.893,-0.0018,0.1038,0.0042,0.037,,,,,,,,,,
581,20.593,76152832,108972,39,23.07,0.179,7.46,1.0,0.0,2.856,-0.0016,0.083,0.0037,0.035,,,,,,,,,,
582,20.613,76283904,106239,35,21.69,0.114,7.63,0.4,0.6,2.831,-0.0019,0.082,0.0038,0.031,,,,,,,,,,
583,20.641,76414976,77372,34,23.95,0.088,7.88,1.0,0.0,2.844,-0.0017,0.0782,0.0044,0.039,,,,,,,,,,
584,20.661,76546048,110638,64,17.24,0.031,7.53,0.941,0.059,2.866,-0.0016,0.0923,0.0034,0.032,,,,,,,,,,
585,20.955,76677120,110184,61,16.48,0.033,7.07,1.0,0.0,2.866,-0.002,0.0828,0.0042,0.037,0.99,0.0,0.637,0.995,0.0,0.98,0.751,0.935,0.005,0.868
586,20.974,76808192,114304,72,17.03,0.042,6.92,1.0,0.0,2.849,-0.0023,0.0999,0.0045,0.042,,,,,,,,,,
587,20.994,76939264,111213,50,22.91,0.14,7.66,1.0,0.0,2.879,-0.002,0.0866,0.0044,0.04,,,,,,,,,,
588,21.016,77070336,98970,39,21.52,0.128,7.95,0.75,0.25,2.861,-0.0019,0.0777,0.0042,0.041,,,,,,,,,,
589,21.036,77201408,111720,47,22.87,0.128,8.06,0.875,0.125,2.855,-0.0021,0.1084,0.0043,0.038,,,,,,,,,,
590,21.056,77332480,109637,53,22.88,0.113,7.47,1.0,0.0,2.87,-0.0017,0.0964,0.0034,0.033,,,,,,,,,,
591,21.074,77463552,115820,76,19.86,0.053,7.45,0.974,0.026,2.894,-0.0018,0.1074,0.0033,0.031,,,,,,,,,,
592,21.094,77594624,111974,71,18.3,0.07,7.39,1.0,0.0,2.887,-0.0015,0.0928,0.004,0.034,,,,,,,,,,
593,21.113,77725696,115605,65,15.55,0.062,6.68,1.0,0.0,2.873,-0.0016,0.0826,0.004,0.038,,,,,,,,,,
594,21.132,77856768,115147,34,22.41,0.206,7.15,1.0,0.0,2.862,-0.0019,0.0619,0.0052,0.048,,,,,,,,,,
595,21.156,77987840,91153,38,19.11,0.053,7.61,1.0,0.0,2.855,-0.0018,0.0618,0.0039,0.036,,,,,,,,,,
596,21.188,78118912,68658,41,23.57,0.049,7.71,1.0,0.0,2.881,-0.0016,0.0718,0.0039,0.031,,,,,,,,,,
597,21.221,78249984,66456,92,16.89,0.054,7.04,1.0,0.0,2.877,-0.0018,0.0965,0.0039,0.037,,,,,,,,,,
598,21.252,78381056,68647,66,15.35,0.015,7.06,1.0,0.0,2.879,-0.0017,0.0645,0.004,0.032,,,,,,,,,,
599,21.272,78512128,112565,28,24.39,0.143,7.36,1.0,0.0,2.876,-0.0019,0.0533,0.0042,0.032,,,,,,,,,,
600,21.513,78643200,111562,94,15.67,0.085,6.65,1.0,0.0,2.857,-0.0014,0.1055,0.0037,0.033,0.985,0.005,0.575,1.0,0.0,1.0,0.692,0.91,0.005,0.906
601,21.532,78774272,112837,76,16.61,0.118,6.79,1.0,0.0,2.869,-0.0014,0.0775,0.0036,0.034,,,,,,,,,,
602,21.551,78905344,113846,45,24.01,0.111,7.76,0.9,0.1,2.873,-0.002,0.0885,0.004,0.036,,,,,,,,,,
603,21.57,79036416,114610,58,13.9,0.052,6.5,1.0,0.0,2.858,-0.0017,0.0811,0.0037,0.027,,,,,,,,,,
604,21.59,79167488,108850,83,13.3,0.06,6.51,1.0,0.0,2.85,-0.002,0.0856,0.0036,0.037,,,,,,,,,,
605,21.61,79298560,109316,46,24.87,0.217,7.65,1.0,0.0,2.864,-0.0019,0.0704,0.0048,0.043,,,,,,,,,,
606,21.63,79429632,111040,38,22.93,0.105,7.24,1.0,0.0,2.872,-0.0018,0.0706,0.0039,0.035,,,,,,,,,,
607,21.656,79560704,85397,38,24.3,0.132,7.13,1.0,0.0,2.85,-0.0018,0.0629,0.0041,0.041,,,,,,,,,,
608,21.674,79691776,117727,107,16.28,0.056,6.86,1.0,0.0,2.86,-0.0019,0.1133,0.0038,0.033,,,,,,,,,,
609,21.693,79822848,116776,41,19.59,0.098,7.05,1.0,0.0,2.88,-0.0019,0.0594,0.0041,0.035,,,,,,,,,,
610,21.711,79953920,118033,40,21.77,0.1,7.3,1.0,0.0,2.866,-0.0016,0.0556,0.004,0.035,,,,,,,,,,
611,21.73,80084992,115085,40,24.94,0.25,7.2,1.0,0.0,2.855,-0.002,0.0698,0.0042,0.037,,,,,,,,,,
612,21.754,80216064,92715,102,15.39,0.098,6.49,1.0,0.0,2.854,-0.0016,0.0899,0.0035,0.03,,,,,,,,,,
613,21.786,80347136,67425,48,18.47,0.104,7.04,1.0,0.0,2.846,-0.0017,0.0631,0.004,0.034,,,,,,,,,,
614,21.819,80478208,67258,61,16.09,0.082,6.59,1.0,0.0,2.824,-0.0016,0.079,0.0042,0.033,,,,,,,,,,
615,22.095,80609280,87725,73,12.91,0.041,6.37,1.0,0.0,2.862,-0.0018,0.0627,0.0043,0.04,0.995,0.005,0.576,0.99,0.0,1.0,0.691,0.925,0.0,0.895
616,22.117,80740352,99232,34,29.02,0.265,6.56,1.0,0.0,2.842,-0.0018,0.0511,0.004,0.03,,,,,,,,,,
617,22.136,80871424,118092,65,13.82,0.077,6.4,1.0,0.0,2.841,-0.0018,0.0693,0.0038,0.032,,,,,,,,,,
618,22.154,81002496,118763,54,19.28,0.148,6.39,1.0,0.0,2.846,-0.0018,0.0514,0.0038,0.033,,,,,,,,,,
619,22.173,81133568,117945,37,23.31,0.243,6.49,1.0,0.0,2.833,-0.0017,0.0492,0.004,0.032,,,,,,,,,,
620,22.195,81264640,99493,51,18.88,0.098,6.63,1.0,0.0,2.843,-0.0019,0.0655,0.0037,0.032,,,,,,,,,,
621,22.213,81395712,119942,77,15.79,0.117,6.17,1.0,0.0,2.838,-0.0017,0.0544,0.0039,0.033,,,,,,,,,,
622,22.238,81526784,86098,38,18.53,0.158,6.0,1.0,0.0,2.833,-0.0021,0.0457,0.0044,0.04,,,,,,,,,,
623,22.257,81657856,118729,43,25.27,0.279,6.28,1.0,0.0,2.835,-0.0019,0.0474,0.0043,0.038,,,,,,,,,,
624,22.276,81788928,115623,78,14.82,0.103,6.19,0.982,0.018,2.825,-0.0017,0.067,0.0042,0.032,,,,,,,,,,
625,22.294,81920000,119553,42,26.94,0.238,6.4,1.0,0.0,2.819,-0.0019,0.0487,0.0038,0.028,,,,,,,,,,
626,22.313,82051072,117301,45,22.33,0.178,6.82,1.0,0.0,2.801,-0.0021,0.0615,0.0044,0.043,,,,,,,,,,
627,22.334,82182144,102960,73,16.91,0.055,6.7,1.0,0.0,2.811,-0.0017,0.0754,0.0038,0.032,,,,,,,,,,
628,22.366,82313216,67792,76,17.69,0.145,6.41,1.0,0.0,2.819,-0.0014,0.061,0.0037,0.025,,,,,,,,,,
629,22.386,82444288,110788,63,19.05,0.143,6.51,0.967,0.033,2.798,-0.0022,0.0703,0.0035,0.031,,,,,,,,,,
630,22.605,82575360,67501,86,17.65,0.105,6.81,1.0,0.0,2.791,-0.0017,0.0976,0.0039,0.034,0.925,0.0,0.544,1.0,0.0,0.989,0.708,0.975,0.0,0.867
631,22.625,82706432,109906,77,15.2,0.13,6.51,0.979,0.021,2.785,-0.002,0.0703,0.0039,0.036,,,,,,,,,,
632,22.65,82837504,86003,49,23.18,0.204,6.8,0.941,0.059,2.753,-0.0017,0.0787,0.0039,0.029,,,,,,,,,,
633,22.677,82968576,82310,66,16.88,0.152,6.74,1.0,0.0,2.745,-0.0017,0.0748,0.0036,0.031,,,,,,,,,,
634,22.708,83099648,69218,71,15.28,0.113,7.04,1.0,0.0,2.759,-0.0015,0.084,0.0036,0.028,,,,,,,,,,
635,22.726,83230720,120804,56,21.67,0.196,7.39,0.889,0.111,2.772,-0.0019,0.0839,0.0039,0.032,,,,,,,,,,
636,22.744,83361792,120875,56,20.3,0.196,6.77,0.96,0.04,2.763,-0.0019,0.0649,0.0042,0.035,,,,,,,,,,
637,22.763,83492864,116858,80,18.16,0.125,6.8,1.0,0.0,2.766,-0.0019,0.0717,0.0042,0.037,,,,,,,,,,
638,22.781,83623936,119469,67,14.51,0.06,6.84,1.0,0.0,2.749,-0.0014,0.0629,0.0036,0.03,,,,,,,,,,
639,22.8,83755008,119772,40,19.59,0.15,7.28,1.0,0.0,2.737,-0.0019,0.0539,0.0043,0.041,,,,,,,,,,
640,22.818,83886080,118733,62,20.5,0.177,6.85,0.962,0.038,2.735,-0.0016,0.0804,0.0041,0.035,,,,,,,,,,
641,22.837,84017152,116711,62,16.08,0.032,7.24,0.968,0.032,2.732,-0.0016,0.0759,0.0036,0.029,,,,,,,,,,
642,22.855,84148224,120006,58,19.03,0.138,7.12,0.964,0.036,2.741,-0.0017,0.0667,0.0044,0.039,,,,,,,,,,
643,22.873,84279296,120265,34,20.07,0.088,7.35,0.933,0.0,2.732,-0.0017,0.0572,0.0036,0.031,,,,,,,,,,
644,22.891,84410368,119484,67,17.94,0.06,7.19,1.0,0.0,2.725,-0.0013,0.0739,0.0031,0.028,,,,,,,,,,
645,23.139,84541440,104591,83,14.36,0.06,6.61,1.0,0.0,2.787,-0.0011,0.0703,0.0038,0.029,0.945,0.005,0.507,1.0,0.0,0.956,0.649,0.99,0.0,0.871
646,23.157,84672512,119944,58,17.81,0.121,7.14,1.0,0.0,2.774,-0.002,0.0754,0.0038,0.033,,,,,,,,,,
647,23.178,84803584,105590,70,17.21,0.086,7.21,1.0,0.0,2.78,-0.0015,0.0636,0.0036,0.027,,,,,,,,,,
648,23.211,84934656,66121,41,18.72,0.098,7.49,1.0,0.0,2.773,-0.0015,0.0642,0.0037,0.028,,,,,,,,,,
649,23.244,85065728,66492,51,17.29,0.059,7.82,0.889,0.111,2.799,-0.0014,0.0794,0.0042,0.036,,,,,,,,,,
650,23.276,85196800,66504,45,20.22,0.067,7.71,0.786,0.214,2.794,-0.0019,0.0594,0.0039,0.033,,,,,,,,,,
651,23.308,85327872,68835,56,19.48,0.196,7.23,0.97,0.03,2.804,-0.0018,0.0462,0.0038,0.031,,,,,,,,,,
652,23.328,85458944,111133,42,21.46,0.238,6.93,0.826,0.174,2.784,-0.0014,0.0462,0.0035,0.027,,,,,,,,,,
653,23.347,85590016,112225,34,24.84,0.206,7.06,1.0,0.0,2.793,-0.002,0.0483,0.0042,0.035,,,,,,,,,,
654,23.367,85721088,113226,53,19.09,0.094,7.45,0.964,0.036,2.784,-0.0017,0.0591,0.0042,0.037,,,,,,,,,,
655,23.387,85852160,110738,58,18.25,0.121,7.16,0.969,0.031,2.791,-0.0018,0.0491,0.0037,0.031,,,,,,,,,,
656,23.407,85983232,109139,61,23.0,0.164,7.16,1.0,0.0,2.78,-0.002,0.0745,0.0037,0.033,,,,,,,,,,
657,23.426,86114304,109658,76,17.48,0.092,7.12,1.0,0.0,2.756,-0.0014,0.0811,0.0037,0.037,,,,,,,,,,
658,23.446,86245376,109686,70,18.36,0.171,7.41,0.941,0.029,2.773,-0.0019,0.0733,0.0039,0.034,,,,,,,,,,
659,23.465,86376448,117359,49,26.85,0.204,7.08,0.7,0.2,2.761,-0.0018,0.0698,0.0048,0.042,,,,,,,,,,
660,23.697,86507520,114511,34,21.54,0.147,7.56,0.7,0.3,2.783,-0.0016,0.0574,0.0041,0.032,0.91,0.005,0.527,1.0,0.0,0.939,0.673,0.995,0.0,0.724
661,23.72,86638592,94212,63,18.13,0.127,7.32,1.0,0.0,2.794,-0.0019,0.0651,0.0048,0.036,,,,,,,,,,
662,23.74,86769664,110045,60,22.01,0.283,6.8,0.879,0.121,2.822,-0.0015,0.0512,0.0035,0.026,,,,,,,,,,
663,23.76,86900736,110100,46,21.17,0.239,6.52,0.962,0.038,2.822,-0.0016,0.0524,0.0038,0.032,,,,,,,,,,
664,23.788,87031808,77127,68,17.54,0.132,7.0,1.0,0.0,2.813,-0.0016,0.0654,0.0032,0.031,,,,,,,,,,
665,23.807,87162880,117969,50,19.33,0.12,7.1,1.0,0.0,2.826,-0.0016,0.051,0.0038,0.031,,,,,,,,,,
666,23.826,87293952,113715,43,20.69,0.256,6.63,1.0,0.0,2.842,-0.0016,0.0364,0.004,0.034,,,,,,,,,,
667,23.845,87425024,115753,50,20.29,0.18,7.24,0.926,0.074,2.851,-0.002,0.0418,0.0046,0.038,,,,,,,,,,
668,23.876,87556096,69081,39,26.74,0.282,7.05,1.0,0.0,2.867,-0.0022,0.0601,0.0044,0.038,,,,,,,,,,
669,23.899,87687168,97605,49,19.41,0.143,7.02,0.889,0.074,2.832,-0.0019,0.0568,0.0041,0.036,,,,,,,,,,
670,23.919,87818240,109002,67,19.4,0.119,7.19,0.974,0.026,2.842,-0.0017,0.0811,0.0046,0.044,,,,,,,,,,
671,23.951,87949312,67176,63,19.46,0.175,6.76,0.935,0.065,2.846,-0.0015,0.0607,0.0037,0.03,,,,,,,,,,
672,23.982,88080384,70474,46,18.46,0.043,7.59,0.958,0.042,2.824,-0.0021,0.0534,0.0039,0.037,,,,,,,,,,
673,24.001,88211456,114674,42,18.43,0.071,7.45,1.0,0.0,2.842,-0.0015,0.0593,0.0043,0.035,,,,,,,,,,
674,24.021,88342528,110650,36,25.72,0.222,6.67,1.0,0.0,2.824,-0.0019,0.0649,0.0041,0.032,,,,,,,,,,
675,24.15,88473600,111216,73,17.71,0.137,6.96,1.0,0.0,2.83,-0.0023,0.0521,0.0044,0.037,0.98,0.0,0.578,1.0,0.0,0.991,0.701,0.99,0.005,0.723
676,24.172,88604672,102697,53,23.04,0.208,6.92,0.917,0.083,2.836,-0.0016,0.0693,0.0041,0.033,,,,,,,,,,
677,24.199,88735744,79662,63,24.9,0.206,7.43,0.957,0.043,2.813,-0.0018,0.0858,0.0045,0.037,,,,,,,,,,
678,24.232,88866816,66138,72,17.79,0.083,7.38,0.972,0.028,2.792,-0.0017,0.0825,0.0039,0.036,,,,,,,,,,
679,24.261,88997888,74865,78,19.12,0.128,7.4,0.974,0.026,2.79,-0.0019,0.0902,0.0034,0.036,,,,,,,,,,
680,24.281,89128960,110195,64,21.53,0.203,7.2,1.0,0.0,2.775,-0.0014,0.074,0.0037,0.027,,,,,,,,,,
681,24.299,89260032,121175,71,15.92,0.127,6.92,1.0,0.0,2.777,-0.0017,0.0689,0.0039,0.029,,,,,,,,,,
682,24.318,89391104,118067,56,19.79,0.161,7.16,1.0,0.0,2.776,-0.0018,0.0715,0.0045,0.037,,,,,,,,,,
683,24.336,89522176,119153,59,19.57,0.153,7.68,0.882,0.059,2.76,-0.002,0.0864,0.0036,0.03,,,,,,,,,,
684,24.355,89653248,118110,46,16.4,0.087,7.54,0.941,0.059,2.78,-0.0017,0.0641,0.004,0.035,,,,,,,,,,
685,24.373,89784320,115470,38,24.93,0.263,7.18,0.769,0.231,2.792,-0.0018,0.0556,0.0038,0.033,,,,,,,,,,
686,24.392,89915392,117080,57,19.71,0.07,7.79,0.895,0.105,2.798,-0.0018,0.0701,0.0035,0.031,,,,,,,,,,
687,24.411,90046464,114716,49,20.77,0.102,8.02,0.905,0.095,2.789,-0.002,0.0704,0.0041,0.035,,,,,,,,,,
688,24.429,90177536,119763,54,20.82,0.167,7.65,0.933,0.067,2.775,-0.0014,0.0766,0.0032,0.028,,,,,,,,,,
689,24.448,90308608,119971,37,25.85,0.216,7.27,0.909,0.091,2.774,-0.0013,0.0781,0.004,0.033,,,,,,,,,,
690,24.584,90439680,110842,47,19.68,0.085,7.79,0.947,0.053,2.761,-0.002,0.0582,0.0039,0.033,0.995,0.0,0.568,1.0,0.0,0.925,0.672,1.0,0.0,0.733
691,24.603,90570752,118126,57,21.93,0.105,7.81,0.95,0.05,2.745,-0.0017,0.0734,0.0037,0.029,,,,,,,,,,
692,24.621,90701824,117418,83,19.69,0.096,7.88,0.925,0.05,2.752,-0.0016,0.1046,0.0036,0.027,,,,,,,,,,
693,24.641,90832896,110563,57,19.85,0.105,8.05,0.818,0.182,2.767,-0.0018,0.0866,0.0045,0.038,,,,,,,,,,
694,24.66,90963968,117051,43,24.65,0.186,7.42,0.8,0.2,2.774,-0.002,0.0719,0.0042,0.039,,,,,,,,,,
695,24.678,91095040,117610,39,21.45,0.154,7.28,0.857,0.143,2.786,-0.0015,0.0642,0.0041,0.037,,,,,,,,,,
696,24.697,91226112,119896,39,18.34,0.077,7.9,0.947,0.053,2.793,-0.0016,0.0674,0.0035,0.029,,,,,,,,,,
697,24.716,91357184,114747,62,15.71,0.081,7.69,0.905,0.095,2.805,-0.0017,0.0693,0.004,0.031,,,,,,,,,,
698,24.735,91488256,114219,51,22.78,0.059,8.04,0.929,0.071,2.826,-0.002,0.0858,0.0043,0.043,,,,,,,,,,
699,24.753,91619328,118102,54,20.44,0.148,7.87,0.944,0.056,2.816,-0.0019,0.0922,0.0047,0.041,,,,,,,,,,
700,24.774,91750400,105614,69,16.72,0.087,7.59,0.944,0.056,2.815,-0.0017,0.1008,0.0038,0.036,,,,,,,,,,
701,24.807,91881472,66446,64,21.54,0.156,7.61,0.882,0.118,2.847,-0.0016,0.0899,0.0036,0.027,,,,,,,,,,
702,24.839,92012544,67952,39,24.72,0.256,7.21,0.778,0.111,2.873,-0.0018,0.0574,0.004,0.031,,,,,,,,,,
703,24.869,92143616,72273,36,21.9,0.222,7.64,0.9,0.1,2.862,-0.0021,0.0691,0.0047,0.04,,,,,,,,,,
704,24.888,92274688,117082,52,23.18,0.212,7.48,0.786,0.214,2.833,-0.0016,0.0845,0.0037,0.03,,,,,,,,,,
705,25.077,92405760,120780,35,21.92,0.2,7.94,0.571,0.429,2.83,-0.0024,0.0764,0.0045,0.038,0.97,0.015,0.558,0.995,0.0,0.916,0.676,0.995,0.005,0.721
706,25.101,92536832,89316,43,25.98,0.209,7.33,0.75,0.25,2.829,-0.002,0.0695,0.0039,0.036,,,,,,,,,,
707,25.134,92667904,67050,47,22.85,0.149,8.0,0.941,0.059,2.844,-0.002,0.0735,0.004,0.037,,,,,,,,,,
708,25.154,92798976,108144,61,21.07,0.115,7.75,0.97,0.03,2.849,-0.0017,0.0746,0.0043,0.032,,,,,,,,,,
709,25.173,92930048,118389,54,26.26,0.259,7.61,0.95,0.05,2.863,-0.0019,0.0646,0.0043,0.038,,,,,,,,,,
710,25.191,93061120,120992,45,17.99,0.089,7.51,0.913,0.087,2.83,-0.0018,0.0726,0.0042,0.035,,,,,,,,,,
711,25.21,93192192,110972,64,18.08,0.047,7.97,0.875,0.125,2.84,-0.0021,0.0958,0.0041,0.035,,,,,,,,,,
712,25.23,93323264,110976,45,20.22,0.133,7.67,1.0,0.0,2.826,-0.0015,0.0727,0.004,0.031,,,,,,,,,,
713,25.25,93454336,111308,46,24.97,0.304,7.13,1.0,0.0,2.842,-0.0019,0.0635,0.0041,0.033,,,,,,,,,,
714,25.282,93585408,68075,56,20.96,0.125,7.82,1.0,0.0,2.851,-0.0016,0.0914,0.0037,0.031,,,,,,,,,,
715,25.303,93716480,101575,56,24.13,0.232,7.25,0.842,0.158,2.87,-0.002,0.0744,0.0043,0.038,,,,,,,,,,
716,25.322,93847552,116582,43,25.39,0.163,7.72,1.0,0.0,2.867,-0.0014,0.0677,0.0035,0.033,,,,,,,,,,
717,25.341,93978624,115872,42,23.02,0.071,7.74,0.9,0.1,2.861,-0.0015,0.0823,0.004,0.034,,,,,,,,,,
718,25.36,94109696,114791,45,21.05,0.067,8.0,0.833,0.167,2.858,-0.0019,0.0747,0.0042,0.033,,,,,,,,,,
719,25.39,94240768,73796,38,23.71,0.237,7.45,0.909,0.091,2.876,-0.002,0.0429,0.0043,0.039,,,,,,,,,,
720,25.617,94371840,67176,35,24.86,0.086,7.83,0.9,0.0,2.857,-0.0016,0.0749,0.0039,0.03,0.97,0.01,0.554,0.995,0.0,0.912,0.647,0.99,0.0,0.727
721,25.636,94502912,115890,51,22.91,0.176,7.53,1.0,0.0,2.857,-0.0019,0.0695,0.004,0.032,,,,,,,,,,
722,25.656,94633984,105099,47,27.64,0.255,7.26,0.833,0.167,2.878,-0.0019,0.0698,0.0045,0.043,,,,,,,,,,
723,25.678,94765056,101811,34,26.63,0.206,7.56,1.0,0.0,2.903,-0.0017,0.0622,0.004,0.036,,,,,,,,,,
724,25.71,94896128,66997,23,26.82,0.217,7.43,1.0,0.0,2.89,-0.0018,0.0466,0.0046,0.046,,,,,,,,,,
725,25.731,95027200,106232,33,26.16,0.182,7.61,0.846,0.154,2.893,-0.0021,0.0502,0.0045,0.04,,,,,,,,,,
726,25.758,95158272,82119,41,25.33,0.22,7.29,1.0,0.0,2.91,-0.0017,0.0605,0.0049,0.042,,,,,,,,,,
727,25.777,95289344,111755,38,29.18,0.263,7.21,0.625,0.375,2.913,-0.0019,0.0637,0.0042,0.035,,,,,,,,,,
728,25.796,95420416,118589,35,25.48,0.143,7.91,0.8,0.2,2.909,-0.0017,0.0689,0.0038,0.039,,,,,,,,,,
729,25.815,95551488,112826,44,25.84,0.114,7.68,1.0,0.0,2.928,-0.0017,0.0602,0.0042,0.042,,,,,,,,,,
730,25.838,95682560,96577,32,25.13,0.25,7.25,0.778,0.111,2.937,-0.0022,0.0551,0.0036,0.035,,,,,,,,,,
731,25.858,95813632,108925,36,28.52,0.222,7.19,0.769,0.231,2.957,-0.0019,0.047,0.0037,0.036,,,,,,,,,,
732,25.878,95944704,108147,31,27.7,0.258,7.0,0.909,0.0,2.94,-0.0019,0.0453,0.004,0.035,,,,,,,,,,
733,25.898,96075776,109049,35,26.33,0.314,6.91,0.833,0.167,2.929,-0.0022,0.0436,0.0049,0.042,,,,,,,,,,
734,25.916,96206848,119096,47,29.19,0.255,7.36,0.5,0.5,2.937,-0.002,0.0691,0.0048,0.04,,,,,,,,,,
735,26.128,96337920,116155,49,30.19,0.245,7.33,0.5,0.333,2.93,-0.0021,0.0785,0.004,0.033,0.98,0.0,0.553,0.955,0.0,0.949,0.654,0.995,0.0,0.726
736,26.147,96468992,109504,32,34.3,0.375,6.88,0.75,0.125,2.928,-0.002,0.0551,0.004,0.034,,,,,,,,,,
737,26.166,96600064,118322,50,28.38,0.26,7.38,0.882,0.118,2.919,-0.0019,0.061,0.0043,0.036,,,,,,,,,,
738,26.185,96731136,114196,43,25.93,0.233,7.21,1.0,0.0,2.926,-0.002,0.0628,0.0046,0.048,,,,,,,,,,
739,26.212,96862208,82453,36,28.31,0.25,6.69,1.0,0.0,2.918,-0.0019,0.0668,0.0048,0.043,,,,,,,,,,
740,26.23,96993280,116575,47,25.47,0.128,7.85,0.7,0.3,2.915,-0.0021,0.0928,0.0045,0.039,,,,,,,,,,
741,26.259,97124352,76246,42,29.84,0.31,6.71,0.7,0.2,2.901,-0.0022,0.0552,0.0037,0.03,,,,,,,,,,
742,26.292,97255424,66820,50,26.59,0.26,7.4,0.429,0.429,2.895,-0.0022,0.0785,0.0035,0.032,,,,,,,,,,
743,26.325,97386496,66540,69,25.33,0.232,7.64,1.0,0.0,2.906,-0.0018,0.0931,0.0044,0.038,,,,,,,,,,
744,26.348,97517568,93874,75,22.92,0.133,8.01,0.643,0.357,2.907,-0.0019,0.1507,0.0037,0.033,,,,,,,,,,
745,26.366,97648640,116965,64,22.65,0.156,7.89,0.714,0.286,2.905,-0.0019,0.1246,0.0041,0.037,,,,,,,,,,
746,26.385,97779712,120321,56,17.63,0.054,8.36,0.929,0.071,2.887,-0.0018,0.1122,0.0045,0.044,,,,,,,,,,
747,26.403,97910784,119644,62,19.27,0.097,7.9,0.909,0.091,2.887,-0.0016,0.1268,0.0036,0.029,,,,,,,,,,
748,26.421,98041856,119657,49,20.54,0.102,8.1,0.917,0.083,2.918,-0.0018,0.0891,0.0036,0.036,,,,,,,,,,
749,26.439,98172928,120884,34,21.32,0.059,8.0,0.6,0.4,2.924,-0.0019,0.0849,0.0042,0.041,,,,,,,,,,
750,26.647,98304000,120259,37,19.9,0.135,7.78,0.6,0.4,2.901,-0.0016,0.0818,0.0038,0.034,0.99,0.0,0.596,1.0,0.0,0.952,0.682,0.985,0.005,0.733
751,26.665,98435072,121310,55,20.93,0.109,8.13,0.636,0.273,2.902,-0.0021,0.0951,0.0045,0.046,,,,,,,,,,
752,26.684,98566144,118348,36,23.73,0.194,7.53,0.667,0.083,2.882,-0.0019,0.0718,0.004,0.034,,,,,,,,,,
753,26.703,98697216,116033,49,19.63,0.061,8.16,0.75,0.125,2.892,-0.0019,0.1043,0.0045,0.039,,,,,,,,,,
754,26.726,98828288,93637,36,19.3,0.028,8.25,0.857,0.143,2.894,-0.002,0.0864,0.0042,0.041,,,,,,,,,,
755,26.745,98959360,117673,40,25.15,0.225,7.78,0.833,0.0,2.917,-0.0018,0.0692,0.0036,0.028,,,,,,,,,,
756,26.763,99090432,120084,45,22.64,0.067,8.24,0.889,0.0,2.895,-0.002,0.0837,0.0032,0.035,,,,,,,,,,
757,26.793,99221504,71553,54,24.61,0.13,7.8,0.769,0.077,2.895,-0.0019,0.0928,0.0045,0.037,,,,,,,,,,
758,26.812,99352576,118119,46,24.57,0.196,7.87,0.5,0.1,2.857,-0.0018,0.0872,0.0038,0.031,,,,,,,,,,
759,26.83,99483648,117706,66,24.28,0.136,8.18,0.765,0.118,2.854,-0.002,0.1211,0.0038,0.035,,,,,,,,,,
760,26.849,99614720,118882,56,18.88,0.018,8.59,0.579,0.421,2.856,-0.0021,0.1243,0.0041,0.042,,,,,,,,,,
761,26.868,99745792,113544,64,18.89,0.078,8.17,0.556,0.444,2.871,-0.0022,0.1271,0.004,0.034,,,,,,,,,,
762,26.9,99876864,68179,61,22.21,0.115,7.92,0.769,0.231,2.871,-0.0019,0.1266,0.0039,0.032,,,,,,,,,,
763,26.919,100007936,112630,67,20.07,0.075,8.27,0.8,0.133,2.879,-0.002,0.1317,0.0039,0.036,,,,,,,,,,
764,26.95,100139008,71195,52,21.01,0.077,8.12,0.909,0.091,2.877,-0.0017,0.1156,0.0035,0.031,,,,,,,,,,
765,27.15,100270080,118637,63,19.12,0.095,8.21,0.786,0.214,2.904,-0.0017,0.108,0.0043,0.036,0.98,0.0,0.607,1.0,0.0,0.831,0.666,0.98,0.0,0.76
766,27.17,100401152,113305,42,22.88,0.167,7.86,0.75,0.25,2.925,-0.0019,0.0765,0.0035,0.036,,,,,,,,,,
767,27.2,100532224,71759,56,23.56,0.125,7.71,0.955,0.045,2.935,-0.0022,0.0832,0.0039,0.038,,,,,,,,,,
768,27.233,100663296,67385,42,21.34,0.143,8.02,0.667,0.222,2.921,-0.0019,0.0855,0.0042,0.039,,,,,,,,,,
769,27.257,100794368,91118,47,20.38,0.085,7.94,0.895,0.105,2.934,-0.002,0.0714,0.0042,0.037,,,,,,,,,,
770,27.287,100925440,72087,44,17.97,0.045,8.0,0.933,0.067,2.923,-0.0017,0.0796,0.0038,0.032,,,,,,,,,,
771,27.305,101056512,119510,49,19.72,0.102,8.16,0.75,0.167,2.925,-0.002,0.0953,0.0044,0.041,,,,,,,,,,
772,27.324,101187584,118356,79,18.88,0.063,7.99,0.889,0.111,2.942,-0.0016,0.1289,0.0042,0.042,,,,,,,,,,
773,27.342,101318656,115756,67,18.82,0.03,8.34,0.957,0.043,2.947,-0.0023,0.1163,0.0039,0.035,,,,,,,,,,
774,27.361,101449728,120456,59,18.35,0.068,8.42,0.818,0.182,2.941,-0.0019,0.1076,0.0038,0.032,,,,,,,,,,
775,27.38,101580800,111413,57,18.14,0.07,8.19,0.84,0.16,2.971,-0.0019,0.1055,0.0041,0.038,,,,,,,,,,
776,27.4,101711872,110427,44,20.63,0.045,8.25,0.667,0.333,2.966,-0.0017,0.0869,0.0038,0.033,,,,,,,,,,
777,27.419,101842944,115307,77,17.79,0.052,8.31,0.6,0.333,2.954,-0.0016,0.1355,0.0037,0.029,,,,,,,,,,
778,27.438,101974016,115298,52,19.29,0.077,7.98,0.964,0.0,2.983,-0.002,0.0789,0.0043,0.035,,,,,,,,,,
779,27.457,102105088,116026,59,18.8,0.034,8.07,0.947,0.053,2.939,-0.0022,0.1208,0.0041,0.034,,,,,,,,,,
780,27.715,102236160,114632,68,19.25,0.088,8.04,0.867,0.133,2.933,-0.002,0.1169,0.0039,0.034,0.98,0.0,0.617,1.0,0.0,0.845,0.682,0.885,0.0,0.814
781,27.745,102367232,72042,84,16.21,0.048,8.01,0.842,0.132,2.918,-0.0019,0.1486,0.0043,0.036,,,,,,,,,,
782,27.764,102498304,118175,86,16.35,0.058,8.21,0.912,0.088,2.917,-0.0018,0.1354,0.0039,0.029,,,,,,,,,,
783,27.784,102629376,109786,64,16.2,0.062,8.14,0.96,0.04,2.915,-0.0016,0.1211,0.0035,0.028,,,,,,,,,,
784,27.804,102760448,108666,69,16.34,0.159,8.07,0.697,0.242,2.902,-0.0019,0.1153,0.0038,0.035,,,,,,,,,,
785,27.825,102891520,101066,71,15.16,0.056,8.0,0.957,0.043,2.871,-0.0019,0.1357,0.0042,0.033,,,,,,,,,,
786,27.846,103022592,105348,52,19.93,0.154,7.96,0.833,0.167,2.9,-0.0019,0.0934,0.0037,0.029,,,,,,,,,,
787,27.879,103153664,66780,66,14.08,0.015,8.14,0.867,0.133,2.887,-0.0018,0.1145,0.004,0.034,,,,,,,,,,
788,27.91,103284736,69323,60,18.83,0.133,7.92,0.917,0.083,2.892,-0.0023,0.1009,0.0045,0.037,,,,,,,,,,
789,27.942,103415808,70069,50,15.22,0.04,7.88,0.85,0.15,2.873,-0.002,0.0906,0.004,0.037,,,,,,,,,,
790,27.961,103546880,112443,62,17.63,0.048,7.94,0.826,0.174,2.89,-0.0018,0.1038,0.0039,0.032,,,,,,,,,,
791,27.981,103677952,110730,68,16.84,0.044,7.93,0.912,0.088,2.863,-0.0019,0.1062,0.0038,0.032,,,,,,,,,,
792,28.001,103809024,109465,33,20.44,0.121,7.7,0.75,0.25,2.878,-0.0023,0.0709,0.0048,0.037,,,,,,,,,,
793,28.025,103940096,88471,59,18.32,0.085,7.78,0.852,0.148,2.855,-0.0023,0.1107,0.0037,0.034,,,,,,,,,,
794,28.045,104071168,110035,63,17.06,0.032,7.71,0.903,0.097,2.903,-0.0016,0.101,0.0037,0.028,,,,,,,,,,
795,28.243,104202240,109571,70,17.09,0.071,7.6,0.933,0.033,2.936,-0.0018,0.0872,0.0038,0.035,0.98,0.01,0.589,1.0,0.0,0.935,0.654,0.965,0.0,0.763
796,28.27,104333312,81556,55,14.5,0.073,8.0,0.852,0.111,2.916,-0.002,0.0925,0.0035,0.026,,,,,,,,,,
797,28.29,104464384,105781,61,17.5,0.049,8.07,0.852,0.148,2.9,-0.0021,0.1143,0.0037,0.03,,,,,,,,,,
798,28.314,104595456,91608,57,22.18,0.123,7.88,0.857,0.143,2.907,-0.0017,0.1102,0.0039,0.031,,,,,,,,,,
799,28.335,104726528,107324,58,17.96,0.034,7.88,0.9,0.1,2.91,-0.0022,0.1119,0.0047,0.036,,,,,,,,,,
800,28.358,104857600,91904,94,14.89,0.085,7.37,0.931,0.052,2.902,-0.0018,0.123,0.0034,0.03,,,,,,,,,,
801,28.377,104988672,114375,64,14.7,0.031,7.97,0.963,0.037,2.897,-0.0022,0.1155,0.0043,0.035,,,,,,,,,,
802,28.397,105119744,113977,63,15.74,0.111,7.51,0.968,0.032,2.909,-0.0014,0.0958,0.0032,0.027,,,,,,,,,,
803,28.416,105250816,114195,88,15.28,0.125,7.66,0.902,0.078,2.921,-0.0017,0.1094,0.0043,0.032,,,,,,,,,,
804,28.435,105381888,115151,63,20.22,0.206,7.48,0.87,0.13,2.924,-0.0017,0.0985,0.004,0.029,,,,,,,,,,
805,28.459,105512960,91458,35,26.94,0.286,7.8,0.571,0.286,2.927,-0.0017,0.068,0.0034,0.03,,,,,,,,,,
806,28.479,105644032,105532,44,17.13,0.091,7.86,0.75,0.25,2.929,-0.002,0.0762,0.004,0.037,,,,,,,,,,
807,28.504,105775104,89152,47,17.05,0.106,7.53,0.933,0.067,2.936,-0.0021,0.0821,0.0045,0.041,,,,,,,,,,
808,28.522,105906176,117440,27,15.13,0.037,7.67,0.833,0.167,2.93,-0.0013,0.0559,0.0033,0.022,,,,,,,,,,
809,28.541,106037248,119267,54,16.84,0.13,7.3,0.917,0.083,2.927,-0.0014,0.0603,0.0036,0.027,,,,,,,,,,
810,28.739,106168320,119518,46,19.93,0.174,7.59,0.92,0.04,2.95,-0.0018,0.0677,0.0037,0.032,0.99,0.005,0.578,1.0,0.0,0.936,0.621,0.965,0.0,0.786
811,28.771,106299392,67558,28,24.17,0.321,6.93,0.909,0.091,2.942,-0.0023,0.0362,0.0042,0.033,,,,,,,,,,
812,28.804,106430464,66673,44,21.67,0.227,7.39,0.87,0.087,2.935,-0.0017,0.057,0.0038,0.027,,,,,,,,,,
813,28.827,106561536,93859,55,18.19,0.145,7.36,0.971,0.029,2.953,-0.0022,0.06,0.0037,0.034,,,,,,,,,,
814,28.856,106692608,74988,34,18.23,0.118,7.18,0.941,0.059,2.94,-0.0018,0.0557,0.0032,0.025,,,,,,,,,,
815,28.874,106823680,120242,33,23.01,0.182,7.3,0.909,0.091,2.931,-0.0019,0.0673,0.0032,0.03,,,,,,,,,,
816,28.9,106954752,85085,54,27.06,0.333,7.02,0.857,0.143,2.943,-0.0022,0.0702,0.0042,0.033,,,,,,,,,,
817,28.919,107085824,112713,65,16.92,0.062,8.17,0.892,0.081,2.95,-0.0021,0.0972,0.0035,0.029,,,,,,,,,,
818,28.944,107216896,89288,51,25.74,0.314,7.31,0.722,0.222,2.946,-0.002,0.0748,0.0041,0.037,,,,,,,,,,
819,28.962,107347968,118852,88,22.74,0.273,7.11,1.0,0.0,2.949,-0.0018,0.1085,0.0038,0.026,,,,,,,,,,
820,28.981,107479040,116068,64,20.36,0.219,7.31,0.88,0.12,2.963,-0.0022,0.096,0.0047,0.042,,,,,,,,,,
821,28.999,107610112,118880,61,18.63,0.23,7.36,0.926,0.074,2.955,-0.002,0.0846,0.0041,0.032,,,,,,,,,,
822,29.019,107741184,113425,82,17.53,0.146,7.74,0.854,0.146,2.958,-0.0019,0.124,0.003,0.025,,,,,,,,,,
823,29.038,107872256,115692,37,25.53,0.324,7.08,0.909,0.091,2.933,-0.0022,0.0765,0.004,0.035,,,,,,,,,,
824,29.056,108003328,116205,69,19.36,0.261,7.23,0.914,0.057,2.947,-0.0016,0.0966,0.0031,0.023,,,,,,,,,,
825,29.267,108134400,76312,70,23.08,0.3,7.24,0.818,0.182,2.981,-0.0019,0.105,0.0035,0.03,1.0,0.0,0.561,1.0,0.0,0.907,0.632,1.0,0.0,0.811
826,29.286,108265472,114084,76,19.65,0.211,7.79,0.868,0.105,2.947,-0.0024,0.1086,0.0035,0.032,,,,,,,,,,
827,29.304,108396544,119090,67,15.47,0.149,7.61,0.909,0.091,2.932,-0.0016,0.1055,0.0034,0.028,,,,,,,,,,
828,29.323,108527616,115540,53,10.97,0.038,7.91,0.897,0.103,2.922,-0.0018,0.0876,0.0038,0.031,,,,,,,,,,
829,29.342,108658688,117685,48,17.7,0.188,7.67,0.6,0.4,2.908,-0.0019,0.0973,0.0041,0.032,,,,,,,,,,
830,29.36,108789760,117049,78,14.27,0.103,7.92,0.868,0.132,2.89,-0.0017,0.123,0.004,0.03,,,,,,,,,,
831,29.382,108920832,102649,78,17.1,0.154,7.72,0.786,0.214,2.885,-0.0022,0.1291,0.0035,0.03,,,,,,,,,,
832,29.402,109051904,107086,58,14.8,0.121,8.03,0.615,0.385,2.851,-0.0018,0.1169,0.0035,0.032,,,,,,,,,,
833,29.434,109182976,67875,82,13.84,0.122,7.73,0.829,0.171,2.854,-0.0015,0.1301,0.0034,0.022,,,,,,,,,,
834,29.454,109314048,110301,71,14.32,0.099,7.87,0.865,0.135,2.849,-0.0017,0.131,0.0043,0.035,,,,,,,,,,
835,29.473,109445120,118682,67,15.16,0.119,7.94,0.88,0.08,2.86,-0.0017,0.1144,0.0032,0.023,,,,,,,,,,
836,29.492,109576192,114446,65,14.54,0.123,7.6,0.933,0.067,2.87,-0.0018,0.113,0.0037,0.029,,,,,,,,,,
837,29.51,109707264,118579,69,17.62,0.116,7.57,1.0,0.0,2.871,-0.0022,0.098,0.004,0.034,,,,,,,,,,
838,29.529,109838336,113801,71,17.99,0.127,7.85,0.931,0.069,2.868,-0.0019,0.1185,0.0035,0.028,,,,,,,,,,
839,29.548,109969408,116476,82,15.25,0.122,7.82,0.892,0.081,2.862,-0.0019,0.1354,0.0038,0.031,,,,,,,,,,
840,29.66,110100480,108144,63,22.24,0.19,7.73,0.6,0.4,2.86,-0.0018,0.114,0.0036,0.031,1.0,0.0,0.586,1.0,0.0,0.778,0.674,1.0,0.0,0.794
841,29.681,110231552,105003,82,15.77,0.146,7.59,0.92,0.06,2.867,-0.0016,0.1173,0.0034,0.023,,,,,,,,,,
842,29.704,110362624,96664,67,15.96,0.119,7.88,0.943,0.057,2.848,-0.0018,0.1132,0.0036,0.023,,,,,,,,,,
843,29.735,110493696,70755,86,13.22,0.093,7.91,0.976,0.024,2.808,-0.0018,0.1306,0.0039,0.028,,,,,,,,,,
844,29.765,110624768,72100,66,13.39,0.076,7.74,0.897,0.069,2.802,-0.0016,0.1236,0.0034,0.025,,,,,,,,,,
845,29.784,110755840,112551,106,13.37,0.094,8.06,0.915,0.064,2.762,-0.0014,0.164,0.0027,0.023,,,,,,,,,,
846,29.804,110886912,114484,65,20.05,0.185,8.11,0.786,0.214,2.77,-0.002,0.1088,0.0036,0.034,,,,,,,,,,
847,29.824,111017984,105104,87,15.75,0.115,8.2,0.794,0.147,2.779,-0.0015,0.1528,0.0032,0.027,,,,,,,,,,
848,29.844,111149056,109667,79,15.23,0.139,8.06,0.969,0.0,2.767,-0.0017,0.1386,0.0035,0.031,,,,,,,,,,
849,29.864,111280128,108298,74,12.14,0.095,7.95,0.975,0.025,2.785,-0.0015,0.1187,0.0036,0.029,,,,,,,,,,
850,29.893,111411200,76191,48,11.5,0.042,8.46,1.0,0.0,2.758,-0.0021,0.1303,0.0039,0.035,,,,,,,,,,
851,29.924,111542272,71330,50,17.84,0.1,7.98,1.0,0.0,2.779,-0.0018,0.1044,0.0038,0.034,,,,,,,,,,
852,29.943,111673344,115254,53,21.41,0.151,7.96,0.923,0.0,2.794,-0.0015,0.1069,0.0032,0.024,,,,,,,,,,
853,29.962,111804416,112757,61,17.79,0.148,7.49,0.87,0.13,2.781,-0.0019,0.0906,0.0036,0.029,,,,,,,,,,
854,29.982,111935488,112427,53,15.9,0.075,7.36,0.968,0.032,2.81,-0.0018,0.0797,0.0038,0.031,,,,,,,,,,
855,30.158,112066560,105781,43,22.64,0.209,7.86,1.0,0.0,2.851,-0.0026,0.0766,0.0042,0.032,1.0,0.0,0.554,1.0,0.0,0.773,0.642,0.995,0.0,0.761
856,30.185,112197632,83560,29,26.02,0.276,7.86,0.571,0.429,2.851,-0.0018,0.0569,0.0035,0.028,,,,,,,,,,
857,30.205,112328704,104157,52,21.63,0.096,7.69,0.933,0.067,2.872,-0.0017,0.0918,0.0041,0.038,,,,,,,,,,
858,30.229,112459776,90995,37,17.6,0.108,7.49,1.0,0.0,2.88,-0.0018,0.0622,0.0035,0.028,,,,,,,,,,
859,30.25,112590848,108640,52,22.71,0.135,7.94,0.941,0.059,2.871,-0.002,0.0891,0.004,0.034,,,,,,,,,,
860,30.268,112721920,117053,50,21.19,0.16,7.26,0.923,0.077,2.868,-0.0017,0.0699,0.0033,0.026,,,,,,,,,,
861,30.288,112852992,112130,41,22.61,0.195,7.41,0.692,0.308,2.884,-0.0021,0.0678,0.0036,0.03,,,,,,,,,,
862,30.307,112984064,111020,50,20.68,0.12,7.46,1.0,0.0,2.906,-0.0019,0.0803,0.0038,0.03,,,,,,,,,,
863,30.327,113115136,110896,46,18.29,0.13,7.48,1.0,0.0,2.891,-0.002,0.0734,0.0034,0.036,,,,,,,,,,
864,30.348,113246208,105506,58,21.33,0.155,7.66,1.0,0.0,2.862,-0.002,0.087,0.0037,0.027,,,,,,,,,,
865,30.372,113377280,89179,59,20.71,0.22,7.68,0.926,0.037,2.841,-0.0023,0.071,0.0036,0.032,,,,,,,,,,
866,30.405,113508352,67140,46,25.91,0.196,7.67,1.0,0.0,2.821,-0.0018,0.0989,0.0038,0.028,,,,,,,,,,
867,30.432,113639424,80289,51,24.03,0.216,7.55,0.857,0.071,2.812,-0.0018,0.09,0.0039,0.032,,,,,,,,,,
868,30.452,113770496,112246,58,23.26,0.19,7.64,0.923,0.077,2.833,-0.0019,0.0944,0.0039,0.035,,,,,,,,,,
869,30.471,113901568,112546,44,25.15,0.295,7.45,0.917,0.083,2.829,-0.0018,0.0705,0.0032,0.031,,,,,,,,,,
870,30.627,114032640,114171,44,21.75,0.227,7.52,0.938,0.062,2.834,-0.0022,0.066,0.0038,0.036,1.0,0.0,0.55,1.0,0.0,0.667,0.638,0.985,0.0,0.769
871,30.648,114163712,105401,55,26.41,0.273,7.47,0.875,0.062,2.834,-0.002,0.0705,0.0034,0.027,,,,,,,,,,
872,30.681,114294784,65736,53,20.38,0.189,7.3,0.917,0.083,2.828,-0.0019,0.0791,0.0038,0.033,,,,,,,,,,
873,30.713,114425856,68184,67,18.66,0.179,7.46,0.976,0.024,2.808,-0.0017,0.0692,0.0035,0.027,,,,,,,,,,
874,30.743,114556928,72118,42,27.36,0.31,7.4,0.9,0.1,2.784,-0.0018,0.0597,0.0033,0.027,,,,,,,,,,
875,30.761,114688000,120304,50,19.0,0.12,7.56,0.875,0.125,2.778,-0.0019,0.0775,0.0036,0.027,,,,,,,,,,
876,30.78,114819072,120504,38,23.26,0.237,7.32,0.818,0.182,2.778,-0.0018,0.0617,0.0032,0.026,,,,,,,,,,
877,30.798,114950144,119621,53,19.33,0.094,7.64,0.958,0.042,2.792,-0.0017,0.0841,0.0039,0.031,,,,,,,,,,
878,30.817,115081216,117533,50,21.62,0.16,7.86,0.923,0.077,2.788,-0.0021,0.082,0.0036,0.037,,,,,,,,,,
879,30.839,115212288,96574,60,19.02,0.067,7.63,0.882,0.118,2.768,-0.002,0.1011,0.0042,0.034,,,,,,,,,,
880,30.858,115343360,118967,68,18.68,0.147,7.51,0.839,0.161,2.762,-0.0019,0.0902,0.0038,0.03,,,,,,,,,,
881,30.876,115474432,119896,54,18.12,0.056,7.91,0.96,0.04,2.759,-0.0019,0.0913,0.0032,0.024,,,,,,,,,,
882,30.895,115605504,113900,74,16.14,0.095,7.62,0.972,0.028,2.745,-0.0019,0.0988,0.0031,0.025,,,,,,,,,,
883,30.914,115736576,116324,51,22.68,0.216,7.53,0.733,0.267,2.738,-0.0018,0.0827,0.0037,0.031,,,,,,,,,,
884,30.932,115867648,117919,72,14.98,0.097,7.56,0.943,0.057,2.711,-0.0016,0.0997,0.0034,0.026,,,,,,,,,,
885,31.08,115998720,101986,72,18.51,0.125,7.57,0.971,0.029,2.724,-0.0018,0.1067,0.0033,0.026,0.995,0.005,0.542,1.0,0.0,0.763,0.616,0.995,0.005,0.709
886,31.099,116129792,120607,76,15.73,0.105,7.67,0.897,0.103,2.725,-0.0018,0.1034,0.0039,0.029,,,,,,,,,,
887,31.117,116260864,119378,56,23.89,0.214,7.88,0.714,0.286,2.709,-0.0015,0.1079,0.0033,0.028,,,,,,,,,,
888,31.136,116391936,115672,69,18.59,0.145,7.93,0.85,0.15,2.675,-0.0015,0.1404,0.0033,0.033,,,,,,,,,,
889,31.155,116523008,111010,69,21.29,0.217,8.2,1.0,0.0,2.684,-0.0017,0.1271,0.0031,0.026,,,,,,,,,,
890,31.175,116654080,113125,77,13.34,0.065,8.05,0.886,0.114,2.68,-0.0013,0.1342,0.0035,0.021,,,,,,,,,,
891,31.196,116785152,100842,55,17.89,0.145,8.27,0.375,0.625,2.677,-0.0017,0.1159,0.0031,0.023,,,,,,,,,,
892,31.216,116916224,109361,59,19.65,0.136,7.86,1.0,0.0,2.687,-0.0015,0.1033,0.0031,0.026,,,,,,,,,,
893,31.244,117047296,78598,61,20.13,0.164,7.77,0.929,0.0,2.707,-0.0017,0.1019,0.0028,0.024,,,,,,,,,,
894,31.277,117178368,67087,43,20.48,0.116,8.05,0.923,0.077,2.705,-0.0018,0.0888,0.0031,0.025,,,,,,,,,,
895,31.309,117309440,67177,46,22.19,0.109,7.83,1.0,0.0,2.688,-0.0016,0.0893,0.0033,0.026,,,,,,,,,,
896,31.33,117440512,107231,54,16.21,0.093,7.89,0.793,0.172,2.708,-0.002,0.0859,0.0033,0.031,,,,,,,,,,
897,31.348,117571584,119904,58,18.83,0.086,7.69,0.947,0.053,2.694,-0.0019,0.0836,0.0037,0.031,,,,,,,,,,
898,31.366,117702656,119559,39,19.55,0.103,8.03,0.909,0.091,2.686,-0.0018,0.0696,0.0032,0.024,,,,,,,,,,
899,31.384,117833728,119731,48,21.72,0.167,7.9,0.714,0.214,2.662,-0.0017,0.0938,0.0027,0.024,,,,,,,,,,
900,31.576,117964800,119267,36,20.83,0.083,7.92,0.75,0.25,2.675,-0.0022,0.0733,0.0039,0.03,0.975,0.025,0.53,1.0,0.0,0.732,0.598,0.975,0.0,0.739
901,31.609,118095872,66265,31,18.33,0.065,7.55,0.833,0.167,2.66,-0.0019,0.0525,0.0034,0.032,,,,,,,,,,
902,31.634,118226944,85876,31,25.1,0.194,7.71,0.75,0.25,2.668,-0.002,0.0527,0.0037,0.034,,,,,,,,,,
903,31.653,118358016,118557,44,23.35,0.091,7.68,0.938,0.062,2.687,-0.0017,0.0654,0.0033,0.028,,,,,,,,,,
904,31.673,118489088,106772,47,25.96,0.191,7.94,0.909,0.091,2.709,-0.002,0.0652,0.004,0.03,,,,,,,,,,
905,31.693,118620160,112541,50,22.97,0.1,7.8,0.8,0.2,2.752,-0.0018,0.0828,0.0033,0.03,,,,,,,,,,
906,31.716,118751232,92708,44,22.92,0.114,7.68,0.667,0.167,2.772,-0.0018,0.0694,0.0026,0.021,,,,,,,,,,
907,31.736,118882304,111021,46,24.79,0.239,7.43,0.824,0.059,2.783,-0.0017,0.064,0.003,0.023,,,,,,,,,,
908,31.756,119013376,109569,62,23.02,0.097,7.79,0.947,0.053,2.805,-0.0018,0.0976,0.0034,0.032,,,,,,,,,,
909,31.776,119144448,109831,59,20.3,0.153,7.73,0.926,0.074,2.791,-0.0016,0.0783,0.0037,0.029,,,,,,,,,,
910,31.794,119275520,116858,49,21.18,0.163,7.33,0.889,0.111,2.764,-0.0016,0.0687,0.0031,0.025,,,,,,,,,,
911,31.813,119406592,115956,40,28.41,0.325,7.7,0.846,0.077,2.755,-0.0019,0.061,0.0037,0.029,,,,,,,,,,
912,31.832,119537664,114036,29,22.75,0.207,7.38,0.833,0.167,2.733,-0.0018,0.0522,0.0035,0.027,,,,,,,,,,
913,31.854,119668736,102937,69,24.79,0.217,7.74,0.913,0.087,2.75,-0.0016,0.0988,0.0035,0.029,,,,,,,,,,
914,31.874,119799808,106234,53,21.75,0.132,7.79,0.933,0.067,2.731,-0.0019,0.0863,0.0041,0.029,,,,,,,,,,
915,32.084,119930880,67414,48,20.06,0.104,7.81,0.955,0.045,2.741,-0.0017,0.0733,0.0035,0.027,0.98,0.02,0.533,1.0,0.0,0.773,0.598,0.995,0.0,0.65
916,32.102,120061952,117464,42,18.38,0.095,7.71,0.789,0.211,2.707,-0.002,0.0774,0.0033,0.031,,,,,,,,,,
917,32.121,120193024,116324,71,21.19,0.127,7.76,0.679,0.286,2.708,-0.0017,0.1029,0.0034,0.031,,,,,,,,,,
918,32.142,120324096,104131,33,24.67,0.273,7.48,0.571,0.429,2.672,-0.0018,0.0628,0.0034,0.023,,,,,,,,,,
919,32.161,120455168,115238,52,24.22,0.212,7.79,0.867,0.133,2.675,-0.0018,0.0844,0.0034,0.027,,,,,,,,,,
920,32.192,120586240,71093,50,22.44,0.16,7.88,0.769,0.231,2.671,-0.0019,0.0806,0.0038,0.033,,,,,,,,,,
921,32.212,120717312,106648,38,26.99,0.237,7.68,0.857,0.143,2.671,-0.0019,0.0627,0.0035,0.028,,,,,,,,,,
922,32.245,120848384,67103,43,23.91,0.163,7.88,0.8,0.0,2.65,-0.0018,0.0797,0.0037,0.027,,,,,,,,,,
923,32.273,120979456,77824,66,23.51,0.152,7.77,0.92,0.08,2.646,-0.0018,0.1002,0.0029,0.022,,,,,,,,,,
924,32.292,121110528,114006,47,24.29,0.149,7.94,0.667,0.25,2.672,-0.0019,0.0657,0.0036,0.028,,,,,,,,,,
925,32.312,121241600,111339,47,23.73,0.17,7.36,0.941,0.059,2.653,-0.0019,0.061,0.0029,0.029,,,,,,,,,,
926,32.332,121372672,109622,35,23.7,0.2,7.91,0.8,0.1,2.641,-0.0018,0.0546,0.0028,0.022,,,,,,,,,,
927,32.352,121503744,110315,36,24.48,0.167,7.94,0.778,0.222,2.629,-0.0016,0.0708,0.003,0.027,,,,,,,,,,
928,32.372,121634816,110106,63,21.71,0.111,7.51,0.889,0.111,2.68,-0.0016,0.0733,0.0037,0.032,,,,,,,,,,
929,32.395,121765888,91391,32,26.62,0.219,7.81,1.0,0.0,2.687,-0.0016,0.0539,0.0033,0.027,,,,,,,,,,
930,32.574,121896960,110047,42,23.1,0.143,7.95,0.955,0.045,2.683,-0.0018,0.0681,0.0035,0.028,0.99,0.005,0.524,1.0,0.0,0.634,0.6,0.99,0.005,0.654
931,32.594,122028032,112976,33,28.33,0.303,7.58,0.714,0.286,2.64,-0.0019,0.0524,0.003,0.025,,,,,,,,,,
932,32.614,122159104,109556,39,25.64,0.128,7.77,0.833,0.167,2.643,-0.0019,0.0613,0.0035,0.03,,,,,,,,,,
933,32.633,122290176,111496,23,28.96,0.391,7.52,0.833,0.167,2.65,-0.0016,0.0385,0.0031,0.028,,,,,,,,,,
934,32.653,122421248,112223,24,28.84,0.25,7.38,0.6,0.2,2.659,-0.002,0.0446,0.0038,0.033,,,,,,,,,,
935,32.672,122552320,110790,46,25.47,0.152,7.89,0.941,0.0,2.641,-0.0013,0.0676,0.0032,0.023,,,,,,,,,,
936,32.692,122683392,114409,45,22.89,0.156,7.98,0.913,0.087,2.64,-0.0016,0.0612,0.0033,0.027,,,,,,,,,,
937,32.71,122814464,118217,43,25.33,0.14,7.77,0.87,0.043,2.651,-0.0018,0.0673,0.0034,0.029,,,,,,,,,,
938,32.728,122945536,118707,38,29.18,0.184,7.63,0.857,0.143,2.624,-0.0021,0.0675,0.0032,0.024,,,,,,,,,,
939,32.748,123076608,113480,49,22.54,0.082,7.65,0.882,0.118,2.633,-0.0016,0.0716,0.0037,0.03,,,,,,,,,,
940,32.767,123207680,111394,36,23.46,0.222,7.44,0.824,0.059,2.613,-0.0019,0.0528,0.0036,0.033,,,,,,,,,,
941,32.788,123338752,104643,37,30.27,0.351,7.46,1.0,0.0,2.574,-0.0017,0.0632,0.0029,0.026,,,,,,,,,,
942,32.821,123469824,66730,55,25.8,0.236,7.75,0.889,0.056,2.608,-0.0017,0.0767,0.0037,0.028,,,,,,,,,,
943,32.844,123600896,96508,62,27.88,0.258,7.81,0.929,0.071,2.628,-0.0018,0.0836,0.0036,0.029,,,,,,,,,,
944,32.875,123731968,70210,44,27.97,0.341,7.55,1.0,0.0,2.634,-0.0018,0.0501,0.0031,0.027,,,,,,,,,,
945,33.006,123863040,84806,40,30.13,0.3,7.95,0.889,0.0,2.626,-0.0017,0.0659,0.0032,0.019,0.99,0.01,0.54,1.0,0.0,0.743,0.612,1.0,0.0,0.676
946,33.024,123994112,120246,47,28.05,0.319,7.38,0.818,0.091,2.645,-0.0017,0.0626,0.0031,0.027,,,,,,,,,,
947,33.043,124125184,115907,56,24.66,0.161,7.68,0.812,0.125,2.647,-0.0015,0.0769,0.0031,0.024,,,,,,,,,,
948,33.062,124256256,111040,53,22.93,0.151,7.7,0.88,0.08,2.645,-0.0015,0.0779,0.0028,0.023,,,,,,,,,,
949,33.082,124387328,113959,40,27.84,0.4,7.3,0.714,0.071,2.659,-0.0014,0.0437,0.0031,0.024,,,,,,,,,,
950,33.103,124518400,100258,36,22.84,0.194,7.83,0.889,0.111,2.668,-0.0018,0.0494,0.0038,0.027,,,,,,,,,,
951,33.135,124649472,69994,39,23.13,0.154,8.18,0.818,0.182,2.673,-0.0018,0.0637,0.003,0.028,,,,,,,,,,
952,33.157,124780544,98075,42,24.65,0.19,8.1,0.444,0.556,2.662,-0.0017,0.0694,0.0029,0.021,,,,,,,,,,
953,33.182,124911616,86033,46,23.68,0.087,8.24,0.867,0.133,2.665,-0.0021,0.0928,0.004,0.033,,,,,,,,,,
954,33.201,125042688,119880,51,24.11,0.137,7.96,1.0,0.0,2.66,-0.002,0.0696,0.0039,0.025,,,,,,,,,,
955,33.219,125173760,117170,40,24.26,0.075,8.28,1.0,0.0,2.662,-0.0016,0.071,0.0034,0.024,,,,,,,,,,
956,33.238,125304832,118747,54,22.02,0.13,8.17,0.778,0.167,2.681,-0.0017,0.0811,0.0031,0.03,,,,,,,,,,
957,33.256,125435904,118329,52,22.67,0.115,8.0,1.0,0.0,2.716,-0.0014,0.0744,0.0027,0.02,,,,,,,,,,
958,33.275,125566976,118415,35,23.44,0.114,8.0,0.692,0.231,2.682,-0.0018,0.0549,0.0034,0.024,,,,,,,,,,
959,33.293,125698048,118616,34,24.03,0.029,8.44,0.833,0.167,2.653,-0.0016,0.076,0.0033,0.023,,,,,,,,,,
960,33.498,125829120,90324,45,24.26,0.2,7.91,0.929,0.071,2.633,-0.0018,0.0672,0.004,0.028,0.995,0.0,0.547,1.0,0.0,0.7,0.617,0.99,0.005,0.671
961,33.517,125960192,119003,47,24.66,0.106,7.98,0.875,0.125,2.596,-0.0013,0.0767,0.0024,0.02,,,,,,,,,,
962,33.536,126091264,112979,31,26.9,0.129,7.9,0.714,0.286,2.585,-0.0017,0.0545,0.0028,0.024,,,,,,,,,,
963,33.555,126222336,116341,41,25.71,0.122,8.2,0.9,0.1,2.56,-0.0022,0.0749,0.0043,0.039,,,,,,,,,,
964,33.573,126353408,119860,38,30.29,0.342,7.76,0.9,0.1,2.579,-0.002,0.0387,0.0034,0.028,,,,,,,,,,
965,33.591,126484480,120854,48,24.41,0.167,7.92,0.875,0.062,2.59,-0.0019,0.0752,0.0037,0.025,,,,,,,,,,
966,33.609,126615552,120844,32,24.2,0.125,7.75,1.0,0.0,2.587,-0.0017,0.0604,0.0031,0.023,,,,,,,,,,
967,33.627,126746624,120081,40,30.33,0.3,7.67,0.667,0.333,2.597,-0.0016,0.0609,0.0033,0.023,,,,,,,,,,
968,33.647,126877696,111127,34,30.0,0.324,7.56,0.4,0.3,2.591,-0.0021,0.0493,0.0037,0.031,,,,,,,,,,
969,33.667,127008768,111661,33,27.47,0.121,7.94,0.714,0.143,2.596,-0.0017,0.0462,0.0031,0.021,,,,,,,,,,
970,33.687,127139840,107138,39,25.97,0.179,7.64,0.944,0.056,2.593,-0.0017,0.0515,0.0027,0.019,,,,,,,,,,
971,33.708,127270912,106558,37,28.72,0.189,7.89,0.833,0.083,2.608,-0.0014,0.0478,0.0028,0.023,,,,,,,,,,
972,33.74,127401984,67070,36,28.86,0.25,7.25,0.933,0.067,2.635,-0.0017,0.0368,0.0032,0.028,,,,,,,,,,
973,33.766,127533056,86198,41,29.68,0.293,7.66,0.889,0.0,2.614,-0.002,0.0583,0.0038,0.03,,,,,,,,,,
974,33.785,127664128,109957,39,24.77,0.231,7.33,0.941,0.059,2.601,-0.002,0.0482,0.0034,0.029,,,,,,,,,,
975,33.893,127795200,115996,37,27.5,0.297,7.41,0.895,0.053,2.596,-0.0015,0.0343,0.0031,0.024,1.0,0.0,0.564,1.0,0.0,0.731,0.634,0.995,0.005,0.652
976,33.912,127926272,120025,39,29.87,0.256,7.54,1.0,0.0,2.572,-0.0017,0.0514,0.0023,0.019,,,,,,,,,,
977,33.931,128057344,113870,43,24.04,0.233,7.65,0.842,0.053,2.582,-0.0015,0.0619,0.003,0.024,,,,,,,,,,
978,33.95,128188416,115057,38,28.35,0.342,7.29,1.0,0.0,2.565,-0.0016,0.0465,0.0036,0.03,,,,,,,,,,
979,33.969,128319488,113553,29,27.67,0.31,7.52,0.8,0.0,2.564,-0.0014,0.0447,0.0028,0.025,,,,,,,,,,
980,33.996,128450560,79687,36,27.47,0.278,7.42,0.944,0.0,2.565,-0.0017,0.041,0.0034,0.029,,,,,,,,,,
981,34.022,128581632,83949,38,29.55,0.237,7.39,0.889,0.111,2.572,-0.0018,0.0533,0.0034,0.031,,,,,,,,,,
982,34.049,128712704,81349,38,34.76,0.447,7.18,0.8,0.0,2.588,-0.0014,0.0409,0.0032,0.021,,,,,,,,,,
983,34.071,128843776,99022,31,33.53,0.323,7.39,1.0,0.0,2.588,-0.0018,0.0552,0.0033,0.024,,,,,,,,,,
984,34.09,128974848,115131,58,28.5,0.259,7.4,0.957,0.0,2.58,-0.0017,0.0635,0.0029,0.019,,,,,,,,,,
985,34.11,129105920,112452,20,30.56,0.35,7.2,1.0,0.0,2.574,-0.0018,0.0489,0.0035,0.03,,,,,,,,,,
986,34.129,129236992,113027,55,27.49,0.291,7.27,0.762,0.143,2.578,-0.0018,0.0644,0.0033,0.027,,,,,,,,,,
987,34.149,129368064,111151,30,27.89,0.267,7.5,0.857,0.071,2.597,-0.002,0.0364,0.0036,0.028,,,,,,,,,,
988,34.169,129499136,110177,42,28.44,0.238,7.52,0.909,0.091,2.611,-0.0016,0.0486,0.0026,0.025,,,,,,,,,,
989,34.188,129630208,111650,43,28.54,0.326,7.26,1.0,0.0,2.649,-0.0023,0.0459,0.0041,0.037,,,,,,,,,,
990,34.278,129761280,110701,39,28.63,0.359,7.62,0.818,0.091,2.669,-0.002,0.0513,0.0032,0.032,1.0,0.0,0.555,1.0,0.0,0.633,0.642,0.99,0.01,0.649
991,34.299,129892352,104500,33,29.93,0.242,7.82,0.833,0.167,2.651,-0.0018,0.0487,0.0033,0.027,,,,,,,,,,
992,34.32,130023424,101562,38,28.22,0.263,7.76,0.917,0.083,2.648,-0.0018,0.0512,0.0036,0.031,,,,,,,,,,
993,34.342,130154496,102028,39,26.62,0.205,8.0,0.5,0.4,2.665,-0.002,0.0586,0.0041,0.034,,,,,,,,,,
994,34.373,130285568,70555,37,27.52,0.27,7.41,0.923,0.077,2.648,-0.0015,0.0577,0.0035,0.025,,,,,,,,,,
995,34.392,130416640,115168,31,29.82,0.258,7.61,0.833,0.167,2.615,-0.0017,0.0437,0.0028,0.024,,,,,,,,,,
996,34.411,130547712,112687,31,28.44,0.226,7.52,0.8,0.2,2.609,-0.0016,0.036,0.0031,0.025,,,,,,,,,,
997,34.432,130678784,106771,43,29.41,0.279,7.77,0.9,0.1,2.588,-0.0017,0.066,0.0038,0.03,,,,,,,,,,
998,34.452,130809856,106011,44,27.79,0.318,7.73,0.538,0.308,2.573,-0.0015,0.0616,0.003,0.024,,,,,,,,,,
999,34.474,130940928,102439,35,25.95,0.143,7.97,0.778,0.222,2.569,-0.0018,0.0569,0.0034,0.029,,,,,,,,,,
1000,34.493,131072000,111154,35,28.89,0.229,7.66,1.0,0.0,2.568,-0.0017,0.0498,0.0028,0.024,,,,,,,,,,
1001,34.513,131203072,112277,40,27.89,0.225,7.7,0.545,0.273,2.561,-0.002,0.0559,0.0035,0.027,,,,,,,,,,
1002,34.531,131334144,119858,38,31.41,0.421,7.18,0.778,0.0,2.567,-0.0016,0.0572,0.0034,0.025,,,,,,,,,,
1003,34.549,131465216,120547,45,26.73,0.222,8.09,0.444,0.444,2.579,-0.0018,0.0676,0.0032,0.026,,,,,,,,,,
1004,34.568,131596288,114092,40,26.82,0.2,7.88,0.778,0.222,2.573,-0.0016,0.0632,0.003,0.022,,,,,,,,,,
1005,34.735,131727360,113077,43,30.82,0.395,7.47,0.75,0.25,2.558,-0.0016,0.0716,0.0026,0.024,1.0,0.0,0.555,1.0,0.0,0.595,0.651,0.955,0.015,0.714
1006,34.765,131858432,70951,38,27.4,0.237,7.87,0.5,0.5,2.538,-0.0019,0.0664,0.0033,0.023,,,,,,,,,,
1007,34.79,131989504,87061,45,34.1,0.489,7.2,0.6,0.0,2.524,-0.0017,0.0595,0.003,0.025,,,,,,,,,,
1008,34.81,132120576,112101,41,27.15,0.195,7.9,0.923,0.0,2.532,-0.0019,0.0707,0.0043,0.039,,,,,,,,,,
1009,34.829,132251648,117137,45,28.66,0.2,7.62,0.889,0.056,2.536,-0.0016,0.0555,0.0029,0.025,,,,,,,,,,
1010,34.85,132382720,100179,40,26.85,0.225,7.95,1.0,0.0,2.552,-0.002,0.0618,0.0038,0.03,,,,,,,,,,
1011,34.869,132513792,115296,33,30.4,0.303,7.67,0.583,0.167,2.549,-0.0016,0.0485,0.0034,0.025,,,,,,,,,,
1012,34.888,132644864,118137,39,28.92,0.282,7.59,1.0,0.0,2.563,-0.0016,0.0491,0.0028,0.024,,,,,,,,,,
1013,34.907,132775936,115151,27,29.11,0.37,7.26,0.833,0.167,2.577,-0.0016,0.0342,0.0031,0.027,,,,,,,,,,
1014,34.925,132907008,122079,35,26.19,0.171,7.77,1.0,0.0,2.583,-0.0022,0.0453,0.0036,0.036,,,,,,,,,,
1015,34.943,133038080,122076,23,29.45,0.304,7.61,0.75,0.0,2.591,-0.0018,0.0403,0.0036,0.028,,,,,,,,,,
1016,34.962,133169152,112960,25,25.14,0.2,7.64,0.889,0.0,2.572,-0.0019,0.033,0.0034,0.028,,,,,,,,,,
1017,34.984,133300224,99435,25,30.85,0.24,7.96,1.0,0.0,2.578,-0.0018,0.0441,0.0034,0.027,,,,,,,,,,
1018,35.002,133431296,117790,38,27.64,0.237,7.74,0.842,0.053,2.592,-0.0017,0.055,0.0033,0.032,,,,,,,,,,
1019,35.021,133562368,119421,51,31.73,0.275,7.61,0.714,0.143,2.602,-0.0015,0.07,0.0028,0.021,,,,,,,,,,
1020,35.116,133693440,114256,38,29.14,0.158,8.03,0.778,0.222,2.618,-0.0017,0.0694,0.0047,0.034,0.995,0.005,0.53,1.0,0.0,0.846,0.636,0.98,0.02,0.688
1021,35.14,133824512,93511,22,26.37,0.273,7.18,0.889,0.111,2.586,-0.0017,0.0292,0.0036,0.029,,,,,,,,,,
1022,35.158,133955584,117467,36,33.35,0.417,7.0,0.5,0.125,2.57,-0.0017,0.0412,0.003,0.025,,,,,,,,,,
1023,35.187,134086656,76770,36,30.24,0.222,7.78,0.889,0.0,2.593,-0.0019,0.0561,0.0033,0.029,,,,,,,,,,
1024,35.209,134217728,100427,35,35.07,0.457,6.8,0.833,0.0,2.608,-0.0019,0.0442,0.0028,0.027,,,,,,,,,,
1025,35.231,134348800,99143,34,31.03,0.353,7.44,1.0,0.0,2.628,-0.0019,0.0482,0.0039,0.032,,,,,,,,,,
1026,35.25,134479872,114087,38,31.77,0.395,7.0,0.9,0.1,2.598,-0.0016,0.048,0.0033,0.028,,,,,,,,,,
1027,35.282,134610944,67046,40,31.05,0.35,7.67,0.778,0.111,2.607,-0.0018,0.0548,0.0035,0.036,,,,,,,,,,
1028,35.302,134742016,113993,40,33.81,0.45,7.25,0.875,0.0,2.595,-0.0016,0.0511,0.0032,0.028,,,,,,,,,,
1029,35.325,134873088,93152,36,30.96,0.389,7.5,0.533,0.333,2.563,-0.0021,0.047,0.0032,0.027,,,,,,,,,,
1030,35.346,135004160,103155,29,35.43,0.552,6.76,0.833,0.167,2.569,-0.0018,0.0273,0.0037,0.034,,,,,,,,,,
1031,35.366,135135232,108468,39,35.86,0.462,7.03,0.333,0.222,2.579,-0.0015,0.0371,0.0033,0.025,,,,,,,,,,
1032,35.386,135266304,108253,32,32.58,0.344,7.09,0.875,0.0,2.576,-0.0016,0.0392,0.0036,0.031,,,,,,,,,,
1033,35.405,135397376,116218,29,32.11,0.448,6.76,0.9,0.0,2.595,-0.0018,0.0308,0.0038,0.033,,,,,,,,,,
1034,35.424,135528448,113906,24,35.46,0.5,6.58,1.0,0.0,2.593,-0.0017,0.0252,0.0032,0.027,,,,,,,,,,
1035,35.571,135659520,94949,37,30.38,0.324,7.38,0.8,0.1,2.602,-0.0017,0.0381,0.0031,0.03,0.995,0.0,0.529,1.0,0.0,0.658,0.618,0.995,0.005,0.657
1036,35.59,135790592,116718,25,31.68,0.36,7.08,0.875,0.125,2.591,-0.0017,0.0363,0.0026,0.016,,,,,,,,,,
1037,35.609,135921664,117440,21,33.91,0.238,7.67,1.0,0.0,2.56,-0.0018,0.0331,0.004,0.034,,,,,,,,,,
1038,35.628,136052736,112306,31,31.39,0.29,7.03,0.75,0.25,2.559,-0.0018,0.0438,0.0031,0.026,,,,,,,,,,
1039,35.648,136183808,108209,42,33.34,0.31,7.26,0.5,0.0,2.553,-0.0017,0.0562,0.003,0.028,,,,,,,,,,
1040,35.668,136314880,109626,43,34.64,0.372,6.58,0.7,0.2,2.586,-0.0018,0.0545,0.0033,0.03,,,,,,,,,,
1041,35.695,136445952,81567,26,36.17,0.423,7.0,0.667,0.333,2.583,-0.0017,0.0346,0.0031,0.026,,,,,,,,,,
1042,35.715,136577024,107176,19,32.36,0.421,6.47,0.6,0.0,2.591,-0.0017,0.0298,0.003,0.029,,,,,,,,,,
1043,35.735,136708096,109859,38,33.87,0.421,6.55,0.714,0.0,2.618,-0.0022,0.0359,0.0038,0.033,,,,,,,,,,
1044,35.755,136839168,109042,37,34.03,0.432,6.27,0.833,0.0,2.633,-0.0017,0.0352,0.0031,0.023,,,,,,,,,,
1045,35.775,136970240,108715,33,34.53,0.424,6.67,0.889,0.111,2.639,-0.0018,0.0402,0.0033,0.026,,,,,,,,,,
1046,35.793,137101312,122882,43,31.24,0.233,7.02,0.714,0.286,2.631,-0.0018,0.0526,0.0031,0.027,,,,,,,,,,
1047,35.819,137232384,84391,30,34.52,0.367,6.63,0.444,0.111,2.636,-0.002,0.0385,0.0035,0.03,,,,,,,,,,
1048,35.853,137363456,64624,39,33.67,0.487,6.33,0.778,0.111,2.648,-0.0017,0.0402,0.0031,0.022,,,,,,,,,,
1049,35.883,137494528,73668,36,34.87,0.417,6.22,0.833,0.0,2.656,-0.0019,0.0392,0.0035,0.028,,,,,,,,,,
1050,36.026,137625600,79198,27,30.82,0.296,6.81,0.571,0.286,2.648,-0.002,0.0408,0.0032,0.033,1.0,0.0,0.53,1.0,0.0,0.732,0.636,1.0,0.0,0.712
1051,36.046,137756672,111459,40,32.21,0.275,6.83,0.8,0.1,2.659,-0.0017,0.0481,0.0027,0.024,,,,,,,,,,
1052,36.065,137887744,115336,34,29.38,0.294,6.74,1.0,0.0,2.644,-0.0017,0.0471,0.0028,0.025,,,,,,,,,,
1053,36.084,138018816,115520,37,34.27,0.351,6.89,0.25,0.5,2.637,-0.0015,0.0532,0.0025,0.02,,,,,,,,,,
1054,36.102,138149888,118344,33,29.11,0.303,7.12,0.538,0.077,2.637,-0.0022,0.0475,0.003,0.029,,,,,,,,,,
1055,36.121,138280960,119233,34,30.1,0.176,7.26,0.875,0.0,2.642,-0.0017,0.0541,0.0029,0.02,,,,,,,,,,
1056,36.139,138412032,116957,35,31.72,0.371,6.57,0.9,0.0,2.643,-0.0018,0.0532,0.0033,0.029,,,,,,,,,,
1057,36.158,138543104,118659,43,30.79,0.279,7.12,0.733,0.067,2.652,-0.0022,0.0575,0.0031,0.028,,,,,,,,,,
1058,36.176,138674176,117967,35,28.13,0.286,6.69,0.727,0.182,2.653,-0.0018,0.0405,0.003,0.024,,,,,,,,,,
1059,36.195,138805248,119219,26,29.16,0.269,6.92,0.714,0.143,2.626,-0.0018,0.0473,0.0032,0.029,,,,,,,,,,
1060,36.213,138936320,120293,44,31.51,0.364,6.39,0.933,0.0,2.619,-0.0019,0.0465,0.0027,0.021,,,,,,,,,,
1061,36.232,139067392,112526,43,31.82,0.326,6.65,0.556,0.111,2.619,-0.0018,0.0662,0.0036,0.027,,,,,,,,,,
1062,36.252,139198464,109745,36,31.02,0.306,6.92,1.0,0.0,2.618,-0.0018,0.0537,0.003,0.026,,,,,,,,,,
1063,36.281,139329536,74716,30,28.77,0.233,7.17,1.0,0.0,2.612,-0.0018,0.0571,0.0029,0.026,,,,,,,,,,
1064,36.3,139460608,116811,49,28.7,0.245,6.86,0.917,0.083,2.63,-0.0019,0.0638,0.0037,0.033,,,,,,,,,,
1065,36.418,139591680,120301,36,26.49,0.278,7.03,0.917,0.0,2.628,-0.0023,0.0579,0.0036,0.035,0.985,0.0,0.523,1.0,0.0,0.703,0.624,0.995,0.005,0.624
1066,36.436,139722752,121854,42,30.02,0.286,6.5,0.846,0.0,2.621,-0.0021,0.0586,0.0027,0.023,,,,,,,,,,
1067,36.455,139853824,115437,41,30.45,0.268,6.71,1.0,0.0,2.61,-0.0019,0.0598,0.003,0.025,,,,,,,,,,
1068,36.473,139984896,117670,34,26.03,0.235,7.09,1.0,0.0,2.591,-0.0013,0.0636,0.0024,0.017,,,,,,,,,,
1069,36.493,140115968,113322,34,30.21,0.294,6.94,0.7,0.1,2.605,-0.0016,0.048,0.0023,0.016,,,,,,,,,,
1070,36.517,140247040,88595,45,30.11,0.311,6.93,0.857,0.0,2.622,-0.0015,0.0613,0.0027,0.017,,,,,,,,,,
1071,36.535,140378112,120957,44,26.18,0.182,6.91,0.895,0.105,2.607,-0.0014,0.0574,0.0023,0.015,,,,,,,,,,
1072,36.553,140509184,121061,42,27.78,0.357,6.76,0.882,0.059,2.582,-0.0015,0.0493,0.0028,0.02,,,,,,,,,,
1073,36.583,140640256,74761,19,35.7,0.474,6.84,1.0,0.0,2.572,-0.0019,0.0354,0.0024,0.02,,,,,,,,,,
1074,36.601,140771328,122516,34,29.31,0.235,7.15,0.8,0.2,2.58,-0.0016,0.0551,0.0033,0.028,,,,,,,,,,
1075,36.619,140902400,117336,42,28.61,0.262,7.1,0.706,0.235,2.591,-0.0017,0.049,0.0025,0.021,,,,,,,,,,
1076,36.638,141033472,117023,32,32.05,0.219,6.97,1.0,0.0,2.571,-0.0019,0.0484,0.0033,0.025,,,,,,,,,,
1077,36.666,141164544,78470,38,27.56,0.184,7.68,0.727,0.182,2.561,-0.0019,0.0591,0.0037,0.031,,,,,,,,,,
1078,36.688,141295616,100198,42,24.57,0.143,7.1,0.923,0.077,2.544,-0.0019,0.058,0.0034,0.025,,,,,,,,,,
1079,36.706,141426688,118290,60,28.44,0.217,7.47,1.0,0.0,2.538,-0.0018,0.0706,0.0028,0.021,,,,,,,,,,
1080,36.824,141557760,120808,33,28.14,0.212,7.39,0.714,0.143,2.543,-0.0017,0.0529,0.0032,0.025,0.985,0.01,0.542,1.0,0.0,0.704,0.642,0.99,0.01,0.658
1081,36.857,141688832,66247,53,28.37,0.226,7.43,0.789,0.211,2.542,-0.0014,0.0826,0.0031,0.019,,,,,,,,,,
1082,36.887,141819904,72896,48,24.8,0.104,7.58,0.632,0.368,2.552,-0.0018,0.061,0.0032,0.024,,,,,,,,,,
1083,36.909,141950976,100328,36,25.99,0.222,7.36,0.643,0.286,2.53,-0.002,0.0556,0.0034,0.026,,,,,,,,,,
1084,36.928,142082048,115391,45,22.98,0.111,7.58,0.706,0.235,2.51,-0.0016,0.0649,0.0027,0.021,,,,,,,,,,
1085,36.946,142213120,118634,63,26.49,0.222,7.32,0.792,0.167,2.517,-0.0015,0.0724,0.0028,0.023,,,,,,,,,,
1086,36.965,142344192,115779,38,24.45,0.211,7.58,0.769,0.154,2.491,-0.0016,0.0622,0.003,0.021,,,,,,,,,,
1087,36.989,142475264,90637,40,28.83,0.225,7.55,0.571,0.286,2.491,-0.0018,0.0717,0.0033,0.024,,,,,,,,,,
1088,37.014,142606336,88653,48,26.16,0.167,7.69,0.9,0.1,2.504,-0.0017,0.0882,0.0031,0.02,,,,,,,,,,
1089,37.049,142737408,62152,63,23.03,0.159,7.35,0.958,0.042,2.523,-0.0016,0.0793,0.0027,0.018,,,,,,,,,,
1090,37.08,142868480,70324,41,24.47,0.122,7.83,0.909,0.091,2.509,-0.0019,0.0746,0.0029,0.025,,,,,,,,,,
1091,37.11,142999552,74330,49,23.76,0.204,7.37,0.789,0.105,2.486,-0.0017,0.0732,0.0026,0.02,,,,,,,,,,
1092,37.131,143130624,104562,40,23.35,0.1,7.62,0.571,0.429,2.475,-0.0016,0.0656,0.0028,0.021,,,,,,,,,,
1093,37.156,143261696,85807,57,22.26,0.158,7.56,0.833,0.167,2.487,-0.0015,0.0821,0.003,0.021,,,,,,,,,,
1094,37.176,143392768,110695,44,21.0,0.114,7.91,0.8,0.067,2.489,-0.0017,0.0737,0.0027,0.018,,,,,,,,,,
1095,37.264,143523840,108428,42,21.68,0.143,7.95,0.8,0.2,2.489,-0.0015,0.077,0.0027,0.018,1.0,0.0,0.533,1.0,0.0,0.643,0.647,0.995,0.005,0.608
1096,37.284,143654912,107083,43,21.13,0.07,8.02,0.5,0.5,2.483,-0.0017,0.0761,0.0029,0.023,,,,,,,,,,
1097,37.302,143785984,119289,43,22.04,0.14,7.98,0.786,0.214,2.484,-0.0014,0.0764,0.003,0.021,,,,,,,,,,
1098,37.32,143917056,122497,33,24.56,0.182,7.45,1.0,0.0,2.487,-0.0014,0.0456,0.0026,0.02,,,,,,,,,,
1099,37.338,144048128,121674,46,21.26,0.087,7.74,0.81,0.19,2.482,-0.0016,0.0787,0.0031,0.021,,,,,,,,,,
1100,37.356,144179200,120791,56,27.89,0.286,7.5,0.905,0.048,2.488,-0.0016,0.0631,0.0026,0.02,,,,,,,,,,
1101,37.375,144310272,116665,47,25.27,0.149,7.47,0.875,0.125,2.484,-0.0021,0.0768,0.0028,0.02,,,,,,,,,,
1102,37.393,144441344,122310,44,22.19,0.045,8.02,0.812,0.125,2.457,-0.0018,0.0735,0.0025,0.021,,,,,,,,,,
1103,37.411,144572416,122149,55,21.74,0.091,8.0,0.667,0.292,2.449,-0.0018,0.0885,0.0024,0.017,,,,,,,,,,
1104,37.429,144703488,120263,41,20.64,0.195,7.78,0.667,0.222,2.46,-0.0017,0.0668,0.0024,0.02,,,,,,,,,,
1105,37.447,144834560,122771,42,22.89,0.143,7.74,0.8,0.2,2.461,-0.0018,0.0709,0.003,0.021,,,,,,,,,,
1106,37.465,144965632,120260,57,22.3,0.123,7.89,0.857,0.143,2.445,-0.0018,0.0772,0.0026,0.02,,,,,,,,,,
1107,37.483,145096704,118954,41,23.57,0.195,7.56,0.85,0.05,2.451,-0.0018,0.0638,0.0029,0.02,,,,,,,,,,
1108,37.502,145227776,115946,42,24.6,0.214,7.4,0.733,0.267,2.438,-0.0015,0.0656,0.0033,0.023,,,,,,,,,,
1109,37.523,145358848,106222,47,21.99,0.234,7.79,0.864,0.091,2.43,-0.0015,0.0742,0.0025,0.016,,,,,,,,,,
1110,37.633,145489920,114501,47,18.7,0.149,8.13,0.905,0.095,2.443,-0.0015,0.0679,0.0025,0.017,0.985,0.0,0.512,1.0,0.0,0.879,0.616,0.995,0.0,0.619
1111,37.654,145620992,102718,52,21.42,0.115,7.79,0.926,0.074,2.441,-0.0019,0.0728,0.003,0.019,,,,,,,,,,
1112,37.685,145752064,71041,36,27.92,0.306,7.67,0.5,0.25,2.431,-0.0018,0.0723,0.0026,0.019,,,,,,,,,,
1113,37.705,145883136,110368,44,27.62,0.25,7.73,0.429,0.429,2.423,-0.0018,0.067,0.0029,0.024,,,,,,,,,,
1114,37.74,146014208,62135,53,22.9,0.17,7.96,0.957,0.043,2.432,-0.0014,0.0834,0.0025,0.021,,,,,,,,,,
1115,37.772,146145280,68762,70,22.11,0.143,7.84,0.824,0.176,2.444,-0.0019,0.0954,0.0033,0.025,,,,,,,,,,
1116,37.791,146276352,112831,52,21.16,0.192,7.9,0.75,0.208,2.437,-0.0016,0.0807,0.0029,0.024,,,,,,,,,,
1117,37.815,146407424,91253,47,21.59,0.213,7.64,0.9,0.1,2.422,-0.0014,0.0723,0.0025,0.017,,,,,,,,,,
1118,37.835,146538496,109312,45,15.49,0.111,7.89,0.955,0.045,2.397,-0.0018,0.0697,0.0023,0.02,,,,,,,,,,
1119,37.856,146669568,104960,66,18.63,0.121,8.0,0.824,0.147,2.414,-0.0014,0.1033,0.0025,0.017,,,,,,,,,,
1120,37.883,146800640,81130,69,21.16,0.145,8.1,0.848,0.121,2.396,-0.0017,0.1017,0.0031,0.023,,,,,,,,,,
1121,37.911,146931712,78450,66,20.76,0.258,7.83,0.8,0.2,2.392,-0.0014,0.0887,0.0026,0.023,,,,,,,,,,
1122,37.944,147062784,64730,54,18.9,0.204,7.85,0.92,0.04,2.374,-0.0015,0.0821,0.0026,0.016,,,,,,,,,,
1123,37.976,147193856,68123,73,14.62,0.151,8.0,0.78,0.146,2.374,-0.0017,0.0886,0.0021,0.016,,,,,,,,,,
1124,38.0,147324928,92231,52,19.83,0.212,7.9,0.8,0.15,2.384,-0.0014,0.0715,0.0026,0.016,,,,,,,,,,
1125,38.161,147456000,92754,56,19.58,0.179,8.09,0.88,0.12,2.378,-0.0017,0.0771,0.003,0.02,0.98,0.01,0.515,1.0,0.0,0.537,0.632,1.0,0.0,0.625
1126,38.185,147587072,90228,62,17.19,0.097,7.97,0.96,0.04,2.389,-0.0014,0.098,0.0025,0.017,,,,,,,,,,
1127,38.209,147718144,91259,71,16.06,0.169,7.94,0.87,0.13,2.396,-0.0017,0.089,0.0028,0.021,,,,,,,,,,
1128,38.241,147849216,68255,58,17.43,0.172,7.83,0.867,0.1,2.414,-0.0015,0.0767,0.0023,0.016,,,,,,,,,,
1129,38.274,147980288,66830,55,23.88,0.255,7.95,0.684,0.316,2.429,-0.0015,0.0817,0.0023,0.015,,,,,,,,,,
1130,38.306,148111360,66932,58,18.7,0.121,7.97,0.857,0.143,2.443,-0.0014,0.0827,0.0022,0.015,,,,,,,,,,
1131,38.335,148242432,77379,56,18.86,0.161,7.84,0.857,0.143,2.449,-0.0014,0.0858,0.0022,0.014,,,,,,,,,,
1132,38.356,148373504,100590,44,24.38,0.273,7.43,0.769,0.231,2.439,-0.0015,0.0725,0.0026,0.022,,,,,,,,,,
1133,38.375,148504576,118477,44,18.84,0.114,7.93,0.867,0.133,2.417,-0.0017,0.0674,0.0031,0.024,,,,,,,,,,
1134,38.393,148635648,120827,75,15.86,0.067,8.03,0.923,0.077,2.465,-0.0018,0.0951,0.0024,0.02,,,,,,,,,,
1135,38.416,148766720,94702,60,18.55,0.167,7.73,0.828,0.172,2.445,-0.0019,0.08,0.0028,0.022,,,,,,,,,,
1136,38.435,148897792,115954,48,21.92,0.188,7.94,0.929,0.071,2.461,-0.0016,0.0799,0.0023,0.016,,,,,,,,,,
1137,38.457,149028864,99143,59,18.22,0.203,7.95,0.929,0.036,2.459,-0.0015,0.089,0.0024,0.016,,,,,,,,,,
1138,38.475,149159936,121540,53,17.58,0.075,8.04,0.783,0.217,2.454,-0.0014,0.0884,0.002,0.014,,,,,,,,,,
1139,38.495,149291008,110087,51,19.82,0.157,8.04,0.944,0.056,2.46,-0.0013,0.0865,0.0026,0.019,,,,,,,,,,
1140,38.612,149422080,99677,64,19.39,0.109,8.23,0.933,0.067,2.489,-0.0016,0.1231,0.0028,0.021,0.995,0.005,0.526,1.0,0.0,0.784,0.625,0.995,0.0,0.623
1141,38.643,149553152,70516,63,18.21,0.127,7.86,0.967,0.033,2.496,-0.0017,0.0947,0.0025,0.017,,,,,,,,,,
1142,38.662,149684224,116452,60,23.65,0.217,7.93,0.786,0.143,2.473,-0.0014,0.1019,0.003,0.017,,,,,,,,,,
1143,38.682,149815296,110512,63,17.37,0.111,7.76,0.968,0.032,2.493,-0.0013,0.097,0.0027,0.018,,,,,,,,,,
1144,38.7,149946368,120259,43,25.34,0.326,8.0,0.714,0.0,2.477,-0.0015,0.0813,0.003,0.022,,,,,,,,,,
1145,38.719,150077440,114445,48,26.63,0.333,8.1,0.25,0.75,2.463,-0.0018,0.0831,0.0022,0.02,,,,,,,,,,
1146,38.738,150208512,118514,51,21.9,0.137,8.16,1.0,0.0,2.455,-0.0017,0.0961,0.0033,0.025,,,,,,,,,,
1147,38.757,150339584,114078,77,20.99,0.156,8.03,0.912,0.088,2.477,-0.0016,0.1074,0.0024,0.015,,,,,,,,,,
1148,38.787,150470656,71833,47,20.6,0.085,8.11,0.714,0.286,2.447,-0.0021,0.0791,0.0028,0.022,,,,,,,,,,
1149,38.806,150601728,119746,54,18.83,0.056,8.3,0.833,0.111,2.449,-0.0015,0.1011,0.003,0.015,,,,,,,,,,
1150,38.825,150732800,110157,53,21.38,0.189,8.15,0.714,0.286,2.458,-0.0015,0.0983,0.0022,0.016,,,,,,,,,,
1151,38.846,150863872,107834,48,23.12,0.104,8.31,0.846,0.154,2.437,-0.0018,0.1048,0.0027,0.02,,,,,,,,,,
1152,38.866,150994944,105949,63,17.41,0.032,8.51,0.833,0.139,2.453,-0.0015,0.1029,0.0026,0.019,,,,,,,,,,
1153,38.89,151126016,92137,72,18.49,0.111,8.38,0.786,0.179,2.436,-0.0016,0.1138,0.0023,0.018,,,,,,,,,,
1154,38.908,151257088,121597,42,19.37,0.095,8.33,0.875,0.125,2.447,-0.0015,0.0901,0.0021,0.017,,,,,,,,,,
1155,39.007,151388160,111075,49,16.8,0.122,8.24,0.864,0.091,2.451,-0.0015,0.0966,0.0027,0.02,0.995,0.0,0.51,1.0,0.0,0.75,0.592,0.99,0.01,0.673
1156,39.028,151519232,105019,52,20.03,0.154,7.94,0.692,0.154,2.427,-0.0013,0.0792,0.0023,0.018,,,,,,,,,,
1157,39.047,151650304,114743,38,23.64,0.184,7.97,1.0,0.0,2.439,-0.0018,0.0811,0.0029,0.024,,,,,,,,,,
1158,39.068,151781376,106538,52,20.49,0.115,8.15,0.722,0.167,2.445,-0.0015,0.0854,0.0024,0.014,,,,,,,,,,
1159,39.086,151912448,120924,60,20.45,0.083,8.12,0.885,0.077,2.43,-0.0015,0.0999,0.0027,0.017,,,,,,,,,,
1160,39.104,152043520,119352,59,17.9,0.017,8.08,0.955,0.045,2.423,-0.0018,0.0855,0.0036,0.028,,,,,,,,,,
1161,39.125,152174592,105988,65,18.98,0.062,8.12,0.92,0.08,2.422,-0.0018,0.1058,0.003,0.025,,,,,,,,,,
1162,39.148,152305664,92176,54,18.78,0.093,8.15,0.846,0.154,2.41,-0.0015,0.0917,0.0023,0.015,,,,,,,,,,
1163,39.181,152436736,66150,49,21.95,0.143,7.9,0.857,0.143,2.426,-0.0015,0.08,0.0026,0.017,,,,,,,,,,
1164,39.208,152567808,80987,55,17.71,0.127,7.8,0.966,0.034,2.44,-0.0017,0.0602,0.0034,0.021,,,,,,,,,,
1165,39.228,152698880,111971,75,20.45,0.16,7.85,0.871,0.129,2.421,-0.0015,0.0883,0.0025,0.016,,,,,,,,,,
1166,39.247,152829952,114701,48,22.39,0.146,7.94,1.0,0.0,2.429,-0.0015,0.0811,0.0021,0.016,,,,,,,,,,
1167,39.266,152961024,114127,61,19.95,0.197,8.13,0.882,0.118,2.413,-0.0013,0.1136,0.0025,0.014,,,,,,,,,,
1168,39.285,153092096,114999,57,18.52,0.07,8.14,0.9,0.1,2.405,-0.0016,0.0965,0.003,0.018,,,,,,,,,,
1169,39.304,153223168,113665,52,18.86,0.096,8.02,0.867,0.133,2.395,-0.0013,0.082,0.0024,0.016,,,,,,,,,,
1170,39.397,153354240,115277,37,20.93,0.216,8.19,0.714,0.286,2.387,-0.0013,0.072,0.0025,0.015,0.99,0.005,0.508,1.0,0.0,0.524,0.598,0.985,0.01,0.661
1171,39.417,153485312,105312,73,20.89,0.096,8.23,0.783,0.13,2.4,-0.0016,0.1301,0.0026,0.021,,,,,,,,,,
1172,39.437,153616384,109742,54,18.69,0.056,8.24,1.0,0.0,2.427,-0.0012,0.0913,0.0021,0.011,,,,,,,,,,
1173,39.457,153747456,108562,44,23.2,0.159,7.89,0.8,0.2,2.399,-0.0018,0.0773,0.0031,0.023,,,,,,,,,,
1174,39.482,153878528,89144,54,19.82,0.111,8.37,0.857,0.143,2.366,-0.0012,0.1075,0.0025,0.014,,,,,,,,,,
1175,39.508,154009600,82778,55,19.59,0.073,8.15,0.933,0.0,2.369,-0.0013,0.0912,0.0025,0.014,,,,,,,,,,
1176,39.532,154140672,90955,53,19.61,0.094,8.21,0.636,0.273,2.38,-0.0017,0.0948,0.0026,0.018,,,,,,,,,,
1177,39.559,154271744,82269,57,19.4,0.105,8.28,0.842,0.105,2.371,-0.0016,0.1164,0.0024,0.018,,,,,,,,,,
1178,39.582,154402816,92716,65,18.71,0.092,8.03,0.963,0.037,2.374,-0.0012,0.0952,0.0019,0.013,,,,,,,,,,
1179,39.604,154533888,100549,44,25.5,0.205,7.91,1.0,0.0,2.368,-0.0014,0.0628,0.0024,0.02,,,,,,,,,,
1180,39.626,154664960,98301,47,19.03,0.149,8.21,1.0,0.0,2.367,-0.0016,0.0827,0.0027,0.019,,,,,,,,,,
1181,39.65,154796032,92727,66,20.74,0.121,8.08,0.875,0.125,2.383,-0.0014,0.0969,0.0026,0.017,,,,,,,,,,
1182,39.683,154927104,65480,51,18.21,0.059,8.14,0.917,0.083,2.392,-0.0015,0.0836,0.0022,0.016,,,,,,,,,,
1183,39.71,155058176,82974,40,21.84,0.1,8.03,0.75,0.0,2.381,-0.0016,0.0847,0.0023,0.017,,,,,,,,,,
1184,39.735,155189248,88173,67,18.18,0.075,8.13,0.857,0.107,2.384,-0.0013,0.1202,0.0022,0.015,,,,,,,,,,
1185,39.859,155320320,62456,58,18.03,0.069,8.09,1.0,0.0,2.383,-0.0014,0.0922,0.002,0.019,0.96,0.025,0.511,1.0,0.0,0.618,0.6,0.995,0.005,0.668
1186,39.889,155451392,72634,48,22.49,0.083,8.29,0.824,0.176,2.382,-0.0012,0.0871,0.0023,0.016,,,,,,,,,,
1187,39.91,155582464,106280,61,18.55,0.115,7.97,0.913,0.087,2.404,-0.0013,0.1071,0.0026,0.02,,,,,,,,,,
1188,39.936,155713536,82219,45,22.23,0.089,8.18,0.9,0.1,2.393,-0.0016,0.0787,0.0027,0.019,,,,,,,,,,
1189,39.971,155844608,63469,59,21.25,0.119,7.98,0.87,0.087,2.372,-0.0015,0.0899,0.0026,0.019,,,,,,,,,,
1190,40.002,155975680,70172,35,22.1,0.171,7.86,1.0,0.0,2.373,-0.0015,0.0633,0.003,0.018,,,,,,,,,,
